NUID,CHGENROL_13,FRACDEGRE_13,RETPCNT_13,CHGENROL_14,FRACDEGRE_14,RETPCNT_14,CHGENROL_15,FRACDEGRE_15,RETPCNT_15,CHGENROL_16,FRACDEGRE_16,RETPCNT_16
9219,1,0.201770185,0.874,1.026590085,0.216616763,0.8,1.032521935,0.218056026,0.88,1.00046301,0.176585383,0.78
8874,1,0.128308863,0.549,1.05631244,0.13929114,0.69,1.002647617,0.122672298,0.4,1.008516131,0.133871941,0.81
9774,1,0.149666866,0.711,1.004162969,0.157101335,0.73,0.996802896,0.144482341,0.75,1.017071166,0.17465635,0.73
8377,1,0.167884264,0.668,0.967701847,0.149835684,0.7,1.041046482,0.146565621,0.87,1.050689047,0.201249149,0.89
9424,1,0.216011156,0.71,1.04334709,0.190720442,0.75,0.99082184,0.202270088,0.63,0.883283321,0.195003816,0.7
8360,1,0.365903566,0.607,1.106952837,0.383851667,0.75,0.996996759,0.439057707,0.6,1.126917056,0.125246825,0.7
9577,1,0.206389673,0.839,1.01367751,0.235869291,0.68,0.992556871,0.203270638,0.76,0.991370405,0.173197051,0.88
8369,1,0.20352656,0.777,1.033751641,0.187073283,0.75,1.084845938,0.194760288,0.7,1.015640048,0.183929573,0.75
9317,1,0.204282864,0.854,0.998989525,0.22257714,0.77,1.023300252,0.224952492,0.82,0.987412811,0.161058857,0.83
8412,1,0.165775117,0.761,1.004041648,0.168197794,0.63,1.003553867,0.18631563,0.7,1.049471978,0.188191751,0.81
8572,1,0.269983349,0.342,1.161064687,0.185448263,0.75,1.06843144,0.241263651,0.72,1.032618967,0.18470462,0.7
9925,1,0.260488432,0.98,1.099070389,0.269968046,0.87,0.97760589,0.290939116,0.97,0.981756454,0.180752643,0.97
9122,1,0.198516266,0.807,1.02041903,0.203772145,0.75,1.022051569,0.186826664,0.8,1.021421247,0.13684621,0.78
9621,1,0.199271607,0.812,1.085479057,0.186947742,0.75,1.007793122,0.200767849,0.65,1.042650586,0.13716999,0.71
9207,1,0.268211378,0.934,1.035812716,0.251587877,0.84,1.035686925,0.257942441,0.94,1.019811055,0.138563521,0.93
9524,1,0.234355146,0.746,1.018202851,0.234419004,0.65,1.018729346,0.211462726,0.7,1.021206233,0.123413383,0.71
8876,1,0.277748573,0.462,0.957414318,0.321992816,0.6,1.149130704,0.255476095,0.82,1.113566555,0.121848652,0.72
9878,1,0.245882288,0.765,1.026964511,0.28594274,0.7,0.935300033,0.246827318,0.64,1.036410339,0.1840428,0.41
9486,1,0.22182034,0.765,0.980647524,0.226377156,0.7,1.009820022,0.249440911,0.7,1.000311251,0.121566805,0.7
9244,1,0.15397882,0.725,1.078491384,0.236453228,0.84,1.014574668,0.240172272,0.63,0.937085628,0.125935229,0.7
8613,1,0.240075272,0.769,1.011643351,0.20593634,0.79,1.000099536,0.283477829,0.8,0.89462455,0.123863955,0.72
8615,1,0.235480011,0.849,0.995023772,0.230596464,0.87,1.013095638,0.253202569,0.8,0.997332185,0.123806071,0.86
9256,1,0.216497674,0.88,1.093181547,0.208661844,0.61,1.028939588,0.222657356,0.83,1.057481335,0.121991488,0.86
9042,1,0.273713801,0.814,1.025388358,0.274871621,0.75,1.01745426,0.230536019,0.79,1.025395914,0.197520836,0.9
8916,1,0.248202031,0.955,1.0001946,0.240674565,0.85,1.006119112,0.247118368,0.94,0.992801542,0.121160303,0.91
9594,1,0.153061034,0.738,0.960436745,0.195256869,0.62,0.99247114,0.207181672,0.63,0.955029485,0.120899144,0.7
9773,1,0.210258173,0.713,1.007368101,0.210235257,0.75,1.031683734,0.236698388,0.7,1.068907469,0.1233789,0.63
9112,1,0.336792821,0.638,0.938996653,0.283513242,0.63,0.936055136,0.373232958,0.7,1.012194144,0.12554457,0.7
8727,1,0.239084719,0.811,0.960657118,0.22070602,0.82,0.999891418,0.231119334,0.62,1.002218124,0.120893986,0.79
9748,1,0.23035968,0.85,1.007314534,0.234148653,0.75,1.020065868,0.255179493,0.78,1.087302446,0.1212113,0.73
9156,1,0.255391608,0.808,0.995832402,0.216735816,0.49,0.97940325,0.251825123,0.86,1.003209159,0.120843632,0.83
8538,1,0.187896095,0.775,0.963000186,0.186928452,0.71,1.001139192,0.186364198,0.77,0.984053228,0.121163773,0.74
8553,1,0.255587634,0.978,1.060004181,0.274132017,0.97,0.997213092,0.278648312,0.99,1.015418504,0.1999212,0.98
9145,1,0.23771557,0.806,0.993646925,0.228658751,0.75,0.987651576,0.229655691,0.85,0.924274187,0.134683824,0.83
9829,1,0.152220213,0.668,0.97007858,0.165414571,0.75,1.069176759,0.199844808,0.7,0.951844492,0.16922361,0.7
9805,1,0.211857117,0.814,1.005989039,0.206824222,0.93,1.012261162,0.198013468,0.65,0.99634199,0.121348095,0.73
8460,1,0.20384693,0.653,0.977141121,0.178385969,0.71,1.009865496,0.188330935,0.79,1.01540363,0.120270648,0.75
8946,1,0.204535803,0.623,0.966555367,0.177792867,0.65,0.980798376,0.165337803,0.7,1.046219617,0.174789844,0.7
9507,1,0.335037705,0.698,1.052502178,0.376911536,0.95,0.976755501,0.335770122,0.63,1.005552118,0.128197811,0.7
9672,1,0.38048988,0.735,1.100656817,0.387371264,0.65,1.134627836,0.359327171,0.7,0.980375047,0.110155211,0.7
9261,1,0.252599471,0.832,1.085791818,0.232455307,0.81,1.019851536,0.220131456,0.89,1.020162495,0.121139133,0.85
8871,1,0.218281307,0.905,1.002388041,0.214125649,0.83,1.029599559,0.221270288,0.92,1.003383032,0.122189566,0.87
9526,1,0.157969428,0.536,1.102351921,0.217960175,0.64,1.120072505,0.168251204,0.82,1.084924576,0.123663511,0.7
8717,1,0.165129186,0.562,1.079830479,0.144808144,0.94,0.987897363,0.17673961,0.7,0.980246576,0.186610745,0.7
8341,1,0.130065961,0.635,1.011151426,0.193783916,0.61,0.981297643,0.160785996,0.7,0.993462995,0.18927647,0.7
8816,1,0.186921618,0.63,1.060475856,0.194163574,0.75,1.021489139,0.197160613,0.65,0.944548366,0.19963158,0.61
9785,1,0.16351301,0.634,1.024756894,0.137265494,0.64,0.994728509,0.167207613,0.7,1.002215999,0.124527533,0.7
9680,1,0.165841474,0.68,1.023429341,0.178311684,0.74,0.968342743,0.171754153,0.7,0.972950588,0.130358202,0.7
9164,1,0.183258247,0.7,1.025305644,0.179655203,0.8,0.958538799,0.164463881,0.7,0.99218779,0.120594598,0.7
9896,1,0.168452464,0.664,0.979543461,0.154640772,0.7,0.989597839,0.176059017,0.7,0.97521365,0.134314071,0.66
9416,1,0.175346943,0.613,0.956241277,0.18083687,0.75,1.015068521,0.174947334,0.7,0.969623046,0.190900931,0.7
9891,1,0.194678474,0.721,1.020608031,0.199375278,0.64,0.984605221,0.195830796,0.62,1.012773966,0.123489611,0.72
9176,1,0.156252468,0.612,0.997808338,0.133866974,0.7,0.962100806,0.165986771,0.82,1.003762797,0.194450896,0.7
9729,1,0.212127901,0.794,0.970799364,0.178983509,0.75,0.971326872,0.185842334,0.7,1.001939605,0.187060251,0.7
8778,1,0.211380489,0.874,1.006711195,0.195928017,0.69,1.009609005,0.207653364,0.88,1.000870779,0.121073023,0.87
8581,1,0.194741638,0.733,1.037059416,0.208782657,0.67,0.979295045,0.18281419,0.77,0.972375109,0.195837755,0.75
9765,1,0.167777366,0.716,0.990515464,0.187290213,0.75,0.993237333,0.206946909,0.64,1.011171907,0.124004745,0.7
8357,1,0.176699914,0.59,0.977538963,0.199219964,0.75,1.01565424,0.165627901,0.7,1.029737677,0.124671503,0.7
8788,1,0.184802815,0.647,1.033987264,0.192487155,0.75,0.940776214,0.172400285,0.7,0.957471743,0.124099729,0.7
9377,1,0.205263259,0.77,1.032916408,0.201584672,0.65,0.965083298,0.21867548,0.7,0.968402351,0.197007668,0.7
9284,1,0.229292349,0.764,1.039089765,0.23594521,0.84,1.151223187,0.231035574,0.64,1.012344467,0.12183313,0.72
9634,1,0.278753909,0.978,1.028379055,0.275046229,0.86,1.006658843,0.280999742,0.96,1.00725398,0.197092967,0.97
8941,1,0.170936693,0.784,0.982764473,0.20089934,0.8,1.007611051,0.202452199,0.75,0.981301694,0.121075725,0.74
8966,1,0.197021486,0.714,0.97155498,0.206376484,0.64,0.998981421,0.182279273,0.8,0.966942469,0.120288016,0.75
9493,1,0.199800518,0.747,0.975559453,0.207658927,0.63,0.995204972,0.199491809,0.49,1.015392658,0.121245447,0.71
8440,1,0.226346075,0.743,1.104133764,0.243804904,0.76,1.00547589,0.219803111,0.7,1.017736363,0.123231474,0.82
8304,1,0.187412357,0.766,0.97304613,0.209638006,0.77,0.950262878,0.194797778,0.76,0.982598039,0.122658628,0.73
9249,1,0.213739833,0.916,0.983991031,0.230198349,0.84,1.005728361,0.225741404,0.92,1.000326259,0.194628143,0.87
9565,1,0.225253028,0.778,0.968206027,0.200063947,0.68,0.937128741,0.188210176,0.7,1.016922358,0.120940666,0.71
8398,1,0.178753542,0.816,1.006727685,0.210221849,0.68,1.006097563,0.206445238,0.7,0.868270353,0.190088525,0.67
8407,1,0.229497144,0.856,0.983554059,0.204493068,0.86,1.001573546,0.215459867,0.85,0.98783632,0.12153219,0.8
9749,1,0.217374111,0.895,1.003585137,0.212658045,0.71,0.998224258,0.207068295,0.91,1.012990141,0.192470599,0.85
8937,1,0.199772711,0.785,0.989480805,0.214889046,0.73,0.999892957,0.176812282,0.7,0.975213773,0.122646339,0.62
8826,1,0.177469355,0.688,0.996518607,0.202159649,0.85,0.982765187,0.239370107,0.63,0.94956716,0.120501492,0.7
8847,1,0.17942857,0.754,1.000614515,0.231955049,0.65,1.00895365,0.220877043,0.7,0.984778112,0.124292897,0.64
9740,1,0.196991441,0.488,1.006464721,0.189807107,0.75,1.023004858,0.191667016,0.93,1.008262966,0.120577643,0.7
8521,1,0.214667943,0.695,0.989093217,0.160211142,0.6,0.991271945,0.195819056,0.73,1.057587172,0.124808382,0.7
8589,1,0.153145181,0.721,0.956950795,0.16726049,0.66,0.991452618,0.169421669,0.74,0.836548543,0.137667643,0.7
8653,1,0.200675742,0.59,0.924547593,0.173975712,0.75,0.906047816,0.179811754,0.71,1.016703111,0.172431433,0.7
9712,1,0.174471511,0.669,0.969747163,0.177345698,0.74,0.971247299,0.200172912,0.7,1.08773105,0.121165899,0.62
9274,1,0.215709652,0.662,1.02676493,0.203393003,0.74,1.012704784,0.197044921,0.92,1.019419237,0.128607687,0.7
9315,1,0.136977806,0.626,0.968810046,0.152469968,0.75,0.954962675,0.148549207,0.64,1.071291875,0.181017471,0.7
8352,1,0.147832773,0.676,0.97498516,0.139324967,0.72,1.011364209,0.152147022,0.64,1.020758473,0.122539872,0.7
9857,1,0.165200493,0.691,0.9668276,0.162741715,0.64,0.992204833,0.160503052,0.63,1.004891543,0.122989307,0.7
9915,1,0.207544416,0.63,1.007202059,0.19115865,0.75,0.988207288,0.158854942,0.92,1.05686893,0.193473152,0.7
9089,1,0.249179578,0.86,1.002754015,0.234535012,0.75,1.010170212,0.247431208,0.85,0.994375651,0.124158789,0.81
8841,1,0.229721503,0.872,0.997573328,0.249973678,0.82,1.033048484,0.233823929,0.88,1.002981133,0.125395105,0.89
8373,1,0.221370618,0.881,0.97923752,0.209208611,0.84,1.057213147,0.204444715,0.74,0.973732474,0.122858525,0.8
8934,1,0.237788916,0.767,1.003107041,0.200388126,0.61,1.014448822,0.187715324,0.78,1.017513183,0.122798665,0.73
8759,1,0.231260152,0.73,1.00077087,0.230944209,0.84,1.008633124,0.224290027,0.82,1.03464553,0.121915592,0.78
9269,1,0.272711686,0.976,0.975733891,0.293353135,0.86,0.986918254,0.297924257,0.98,1.001745577,0.120495628,0.98
8366,1,0.270378499,0.769,0.990176782,0.24106701,0.93,1.021129493,0.240089174,0.91,0.970022195,0.180957622,0.78
9794,1,0.229165258,0.849,0.986812351,0.223304031,0.59,1.064862661,0.214058845,0.77,1.090460912,0.122075247,0.83
8372,1,0.137229058,0.783,0.971070277,0.158576862,0.67,0.997814718,0.14683044,0.76,1.023613746,0.125743867,0.73
9227,1,0.282075398,0.784,1.004930583,0.210873707,0.6,0.987430565,0.210920663,0.87,0.967839295,0.120045982,0.82
8955,1,0.188696307,0.796,0.978892717,0.233313617,0.77,1.002318822,0.20378759,0.89,1.007451148,0.120453404,0.83
9802,1,0.195346348,0.903,0.998452131,0.208314127,0.7,0.989684462,0.216818392,0.88,1.003394909,0.120701243,0.83
8456,1,0.211064203,0.802,0.989099258,0.207124832,0.82,0.998474289,0.233231516,0.78,0.993469936,0.121390568,0.82
8737,1,0.266415186,0.926,0.996661951,0.255575319,0.95,0.995640242,0.261468702,0.96,1.001919812,0.127129975,0.94
9786,1,0.25569588,0.906,1.02234139,0.234901091,0.73,1.015171077,0.247509464,0.89,1.01572176,0.122236389,0.86
8389,1,0.178247234,0.809,0.993012838,0.18873509,0.86,1.039093473,0.204634523,0.83,0.999412692,0.124335805,0.84
9852,1,0.173115513,0.796,0.986362915,0.179774719,0.65,0.974564343,0.197607806,0.72,0.988571874,0.123174395,0.71
8726,1,0.176402993,0.702,0.980585383,0.194492915,0.68,0.98770071,0.183349727,0.75,1.008420319,0.120763891,0.77
8719,1,0.200146466,0.703,1.006679664,0.166407351,0.6,1.06229724,0.185160209,0.72,0.933224986,0.198470741,0.7
8425,1,0.224661589,0.839,0.968871024,0.211333518,0.82,0.992040846,0.20092349,0.85,1.001621615,0.12006472,0.82
9559,1,0.226858833,0.679,1.003264282,0.171479785,0.6,0.954047653,0.216422323,0.7,0.874187786,0.197521393,0.7
8686,1,0.159652447,0.717,0.990305176,0.176016342,0.66,1.004787244,0.192144476,0.76,1.010394518,0.198720974,0.72
9119,1,0.179967838,0.59,1.037668774,0.166252697,0.75,0.983941096,0.175596378,0.7,0.975228343,0.198143011,0.69
8840,1,0.221251697,0.801,1.042680322,0.218198102,0.64,0.990980662,0.245670417,0.65,1.004352577,0.122985633,0.72
8766,1,0.180665473,0.65,1.032706979,0.188920386,0.63,0.958201579,0.203264519,0.7,0.985732919,0.124509854,0.92
9300,1,0.233767142,0.921,0.996005442,0.234774277,0.73,0.983983567,0.228895349,0.92,0.997390415,0.121534458,0.87
9137,1,0.152697096,0.572,1.060703429,0.189078025,0.94,1.019254609,0.184065218,0.6,1.009264375,0.125872661,0.7
8635,1,0.234881633,0.856,0.988153485,0.216330787,0.81,1.003439972,0.241866296,0.87,1.033307936,0.123680742,0.86
9002,1,0.151053165,0.64,0.980633325,0.158482767,0.7,1.035452583,0.151548598,0.7,1.0043746,0.12504691,0.7
9432,1,0.159743584,0.648,0.987158388,0.130559259,0.59,1.000273048,0.124415236,0.7,0.987071713,0.121284246,0.7
9983,1,0.178056343,0.838,0.978278445,0.204262933,0.66,1.023117212,0.184225887,0.75,0.978087616,0.128292308,0.66
8636,1,0.233951998,0.68,0.952773364,0.184956099,0.68,0.984831428,0.208256194,0.88,0.987969292,0.199922828,0.7
9482,1,0.17071152,0.548,0.984706736,0.172107144,0.6,1.117246574,0.13037548,0.93,1.148642748,0.143298327,0.7
8543,1,0.215446923,0.629,0.9900275,0.202518463,0.65,0.997678262,0.197749388,0.7,1.015420046,0.19948057,0.7
8806,1,0.162567785,0.766,0.986002555,0.189908084,0.75,1.045957252,0.246173032,0.7,0.664971623,0.1877019,0.7
8789,1,0.191522228,0.814,0.982672507,0.219745931,0.69,0.990851742,0.228875695,0.91,1.022012761,0.128484119,0.86
9100,1,0.198483119,0.909,1.011465162,0.224425019,0.81,0.990250745,0.188066021,0.84,1.021734736,0.129713001,0.88
9102,1,0.185325245,0.81,0.94893512,0.206847902,0.67,0.99084261,0.179219454,0.81,0.999918923,0.125778623,0.74
9000,1,0.176472912,0.791,0.984713493,0.187132728,0.83,0.97934701,0.180117992,0.7,1.023756949,0.124676286,0.8
9656,1,0.163562308,0.752,1.019293389,0.167402539,0.75,1.003134686,0.153917975,0.7,1.02779096,0.127478158,0.74
8487,1,0.212953985,0.925,1.014391561,0.19960345,0.89,1.029486828,0.220566581,0.88,0.993861334,0.125859511,0.87
8951,1,0.202195985,0.68,1.033779507,0.215405612,0.66,0.993790821,0.194639573,0.84,1.008691067,0.122557429,0.68
9727,1,0.215449062,0.741,1.025908378,0.203978735,0.75,0.897057932,0.221322523,0.61,0.997647069,0.120362167,0.62
9438,1,0.18936809,0.616,0.969244971,0.278475456,0.76,0.983916035,0.26261272,0.6,1.014877768,0.191038774,0.74
9215,1,0.183557345,0.681,1.012102399,0.203557807,0.76,0.97640973,0.197250379,0.7,1.030342423,0.12143717,0.7
9640,1,0.160289121,0.636,0.943385773,0.204036754,0.76,1.010329629,0.189966036,0.6,0.968342374,0.129370507,0.7
9571,1,0.207142001,0.76,1.001662637,0.198886422,0.62,0.985186584,0.185262324,0.93,1.012552429,0.197868452,0.7
8872,1,0.177009956,0.756,0.984289938,0.162649247,0.73,0.961090131,0.210744595,0.75,1.01710202,0.120511706,0.75
9220,1,0.223535642,0.681,1.076949191,0.194056271,0.83,0.996365375,0.168914856,0.78,0.988078939,0.199426122,0.8
9183,1,0.185604703,0.734,0.983746646,0.188939201,0.93,0.966341885,0.188148499,0.79,0.998641833,0.121209822,0.75
8436,1,0.237359553,0.881,1.039384366,0.234158858,0.87,1.034608695,0.235366645,0.87,1.03273899,0.125425381,0.89
8794,1,0.263501321,0.563,1.043531423,0.129462973,0.76,0.963057952,0.186040756,0.64,0.936070243,0.1940307,0.62
8556,1,0.229558298,0.865,0.987099124,0.242352848,0.81,1.03957987,0.227054247,0.78,0.997179303,0.121260385,0.8
9528,1,0.247530367,0.848,1.058082506,0.227768069,0.67,0.983766237,0.242503504,0.88,1.017153447,0.122510172,0.86
8783,1,0.189781799,0.794,0.965804874,0.203113584,0.71,1.013483511,0.213607886,0.65,0.997410062,0.196721673,0.63
9484,1,0.275045236,0.729,1.002179027,0.23077035,0.74,1.001466241,0.231658907,0.61,1.077955987,0.126614256,0.8
9733,1,0.227010501,0.864,1.011085317,0.236402712,0.75,1.007144306,0.241261503,0.84,0.96167041,0.197825073,0.74
8367,1,0.14579811,0.801,1.071695491,0.078276786,0.74,0.919844267,0.131672226,0.63,0.988221044,0.183761867,0.7
8698,1,0.228424316,0.65,1.065801859,0.12745717,0.75,0.981943861,0.097256352,0.91,1.109877988,0.122680952,0.75
9648,1,0.26846421,0.977,1.028290409,0.315935158,0.86,1.016014311,0.28315896,0.99,1.007173802,0.198493676,0.98
8913,1,0.224640962,0.858,0.987558493,0.214640781,0.63,1.002778569,0.225224637,0.82,0.986297432,0.199533989,0.8
8956,1,0.183476728,0.877,1.00802794,0.244032553,0.82,1.01731329,0.257845255,0.86,0.946751341,0.193338287,0.85
8815,1,0.080600761,0.796,1.217769733,0.062724152,0.75,0.934098046,0.120340157,0.63,0.923570557,0.196874465,0.6
9417,1,0.224955688,0.594,1.055226223,0.193875451,0.6,1.111023048,0.161460479,0.7,1.013262225,0.198934519,0.61
9050,1,0.228196967,0.688,0.952199349,0.214317996,0.75,0.932273332,0.209265633,0.7,0.966865955,0.199415298,0.7
9627,1,0.212076893,0.696,0.991493144,0.188395682,0.75,0.978001135,0.222281972,0.7,1.000602767,0.199244672,0.64
9193,1,0.189632178,0.584,0.948162542,0.212353292,0.75,1.006786905,0.179568957,0.73,1.004602639,0.123346509,0.7
8417,1,0.273554708,0.938,1.00438596,0.279910457,0.91,1.011949714,0.253857755,0.93,1.027045813,0.121200853,0.92
8665,1,0.239608748,0.74,1.002905237,0.222687473,0.79,0.998111425,0.238558561,0.7,0.998233233,0.124259252,0.7
8935,1,0.208622926,0.776,1.005629404,0.219359332,0.83,0.997946749,0.207504839,0.82,1.013305659,0.122436779,0.76
8457,1,0.236173882,0.85,0.99379929,0.215966204,0.81,1.053831519,0.227728959,0.81,1.030512064,0.122322077,0.84
8883,1,0.207080757,0.757,1.0010769,0.181538479,0.75,0.997233258,0.215131681,0.65,1.014513088,0.122416303,0.64
9403,1,0.176021674,0.723,0.983649373,0.184900358,0.75,1.045923275,0.188730786,0.74,1.004789146,0.121356371,0.94
9837,1,0.179369681,0.717,1.010100701,0.190544997,0.75,1.051142349,0.168011389,0.64,1.009281017,0.12368592,0.7
9653,1,0.207114845,0.924,1.017186994,0.213671175,0.81,1.011690271,0.220543125,0.91,1.024807976,0.123381099,0.9
8903,1,0.205486874,0.886,1.012582299,0.19565311,0.8,1.008567568,0.218264242,0.85,0.992974308,0.120950554,0.85
9265,1,0.212735585,0.836,0.996455665,0.193573754,0.73,0.999956298,0.202902426,0.85,0.99246396,0.198022407,0.81
8859,1,0.200299432,0.756,1.005132324,0.202988755,0.61,1.006150762,0.231302651,0.94,0.991484895,0.122646599,0.7
9332,1,0.200666883,0.927,1.006558123,0.215512738,0.72,1.013352369,0.201216204,0.79,1.008871708,0.123853154,0.84
8757,1,0.208934092,0.746,0.995492708,0.210102543,0.84,0.98822306,0.203599985,0.68,0.992803879,0.120815086,0.8
9294,1,0.156357319,0.609,1.053458972,0.080084702,0.71,1.028292423,0.048634851,0.7,1.006760509,0.195789244,0.62
9692,1,0.264477977,0.477,1.010378736,0.239621885,0.51,1.38596667,0.222529863,0.7,0.988847912,0.198940457,0.7
9246,1,0.083283296,0.616,0.993814583,0.134544211,0.63,0.995865246,0.096072047,0.7,0.967140053,0.19688932,0.7
8515,1,0.173717848,0.532,1.081447579,0.093430572,0.81,0.97540522,0.138430831,0.7,0.988797339,0.123752512,0.7
8833,1,0.197427091,0.742,1.012563413,0.179550789,0.75,1.009916434,0.208595478,0.76,1.018151393,0.125599141,0.76
9689,1,0.172401813,0.706,0.961342355,0.164695638,0.75,0.985877069,0.176649989,0.63,1.008231896,0.12634431,0.63
9254,1,0.209002729,0.909,1.002685247,0.212604638,0.81,1.003519178,0.203834802,0.91,1.010042482,0.126675962,0.91
9327,1,0.17329166,0.603,0.990348307,0.183065412,0.75,0.97583065,0.142909894,0.7,1.041842667,0.124693103,0.7
9015,1,0.207911208,0.628,0.993045904,0.191432539,0.75,0.972801192,0.194186989,0.7,1.022608047,0.196351086,0.7
8317,1,0.200031038,0.755,0.987570783,0.191380159,0.71,1.007809122,0.215229186,0.77,0.981459262,0.197830175,0.77
9293,1,0.167603084,0.614,1.047960927,0.17895302,0.75,1.028549209,0.165716794,0.7,1.011149302,0.120290015,0.7
9880,1,0.202784269,0.737,0.992791388,0.202718248,0.75,1.175554389,0.179593436,0.7,0.938815837,0.196951721,0.7
9677,1,0.161134771,0.687,0.985418298,0.178537927,0.63,0.967505131,0.190789613,0.7,1.004823467,0.129924278,0.7
8431,1,0.186259424,0.836,1.029325561,0.205266385,0.86,0.999032053,0.205001911,0.87,0.99215462,0.121702169,0.86
9182,1,0.163783602,0.643,1.010206068,0.200115678,0.75,1.008238035,0.195222279,0.75,0.974601494,0.196592346,0.76
9527,1,0.250488928,0.884,0.995729602,0.230648553,0.75,0.996673868,0.222416277,0.78,1.040730296,0.19999206,0.9
9205,1,0.183601257,0.745,0.989881276,0.197300817,0.75,1.014786978,0.184909728,0.79,0.990068663,0.12016135,0.77
9810,1,0.225398262,0.719,1.008002558,0.185362524,0.6,0.957917699,0.199245044,0.7,0.99150495,0.197668699,0.69
9725,1,0.215919267,0.73,1.011892355,0.212738316,0.84,0.989483796,0.196766976,0.7,0.977678371,0.199324352,0.61
8585,1,0.19600413,0.759,0.991311897,0.216353573,0.81,0.986869458,0.20910803,0.84,0.960897996,0.120585223,0.8
8350,1,0.116733599,0.354,1.077779477,0.116213446,0.69,0.947120218,0.13567284,0.7,1.074423859,0.129302833,0.7
8449,1,0.245375904,0.764,0.969117746,0.19592036,0.77,0.974582187,0.213664542,0.7,0.963451776,0.188632245,0.7
8471,1,0.22328331,0.87,1.001638746,0.233064473,0.86,0.998079142,0.208367561,0.91,1.006083454,0.199042094,0.87
8692,1,0.146692968,0.649,1.057271621,0.175658457,0.75,1.008800762,0.185466401,0.93,1.096755561,0.128818433,0.7
9055,1,0.181289084,0.766,0.994851088,0.180478862,0.75,0.998040116,0.18444028,0.76,0.986422254,0.122405964,0.76
8633,1,0.174045192,0.679,1.049004626,0.178884913,0.67,0.940917121,0.17510286,0.63,0.958059376,0.121916194,0.7
8620,1,0.231367778,0.799,1.00251336,0.227165563,0.71,1.012251108,0.212771017,0.7,1.026553406,0.125305644,0.82
8365,1,0.193938189,0.742,0.971695068,0.190525106,0.67,0.970112153,0.202832966,0.77,0.984818934,0.120833918,0.73
9592,1,0.371321935,0.569,1.010466402,0.323617399,0.75,0.892555879,0.38042182,0.73,0.903715901,0.197647905,0.7
8704,1,0.216895603,0.762,0.993455122,0.229919437,0.75,0.983889834,0.221025627,0.77,1.009502132,0.198526182,0.7
9928,1,0.202113364,0.755,0.96056308,0.203855849,0.83,0.986455684,0.210467461,0.63,0.975411578,0.199916164,0.66
9155,1,0.215899592,0.775,0.994583916,0.246222583,0.75,1.003230198,0.203615162,0.76,1.012762797,0.120123135,0.75
8845,1,0.18167531,0.811,1.012984588,0.202575882,0.79,0.972031808,0.177444427,0.7,1.022742007,0.120138698,0.65
9146,1,0.193464348,0.741,0.987275848,0.206146437,0.75,0.969648925,0.224874248,0.63,0.998021872,0.198407295,0.7
9801,1,0.229876311,0.825,0.976138025,0.228723344,0.75,0.982415982,0.240296291,0.77,0.965461845,0.120248416,0.73
9138,1,0.262512391,0.919,0.988319605,0.267861481,0.83,0.985638505,0.277003785,0.95,1.007033495,0.122461859,0.94
8399,1,0.174870426,0.717,0.959245839,0.196503562,0.75,0.965455039,0.165276824,0.7,0.92906288,0.12113522,0.74
8733,1,0.213104578,0.752,1.003114096,0.199507365,0.7,1.011067021,0.208505966,0.77,1.00174837,0.12019703,0.8
9425,1,0.323763569,0.745,0.936975986,0.208143745,0.75,0.980995333,0.203825445,0.74,0.886259379,0.12076118,0.72
9045,1,0.234321724,0.895,1.009540273,0.205169939,0.75,0.98272472,0.229840026,0.89,1.025968813,0.123814277,0.9
8669,1,0.36285432,0.736,1.010418711,0.413403136,0.75,0.909791997,0.504726786,0.61,1.01811375,0.132993089,0.7
9028,1,0.192501478,0.801,0.964146907,0.19936246,0.49,0.974883079,0.163489137,0.83,0.990344592,0.120585565,0.87
8337,1,0.162331657,0.687,0.903032388,0.152963729,0.68,0.97181023,0.166371733,0.78,0.957213001,0.199623805,0.76
9812,1,0.134945167,0.763,0.957561914,0.198713777,0.83,1.039662427,0.129678904,0.63,0.990096029,0.123673292,0.67
9975,1,0.252902978,0.189,0.999178959,0.275866254,0.73,1.392428103,0.262109237,0.7,0.974908971,0.129450918,0.7
9843,1,0.191628272,0.59,0.986577786,0.209447545,0.75,1.000051492,0.176211952,0.7,0.969938082,0.196919806,0.7
8488,1,0.157767904,0.636,0.961190932,0.218227477,0.84,1.043302621,0.294465508,0.7,1.02752168,0.198194465,0.7
8886,1,0.213344107,0.828,1.012373426,0.218184669,0.62,1.011122064,0.216729743,0.84,1.025206925,0.122048578,0.77
9384,1,0.239838731,0.709,0.950235578,0.198133268,0.75,0.905078724,0.187591402,0.6,0.984999334,0.19808707,0.62
8547,1,0.189827876,0.783,0.992765429,0.210643411,0.7,0.968487241,0.18351755,0.59,0.9783991,0.198548268,0.7
8823,1,0.172901424,0.607,0.97244445,0.202216602,0.67,0.964392557,0.161739673,0.7,1.014397347,0.129661013,0.7
9383,1,0.157061779,0.667,0.947955747,0.180402113,0.84,1.005568636,0.172147291,0.92,0.996974115,0.198748812,0.7
9463,1,0.188952619,0.666,0.963642133,0.187126235,0.75,0.964710809,0.190391244,0.62,0.947444288,0.120238299,0.7
9226,1,0.177603048,0.694,0.963226202,0.211445617,0.75,1.007289054,0.195658023,0.7,1.025219167,0.198077482,0.7
9310,1,0.114449118,0.542,0.943811765,0.156146392,0.75,0.971637679,0.149320926,0.7,1.014128896,0.124828148,0.7
9034,1,0.143761097,0.765,0.986556953,0.161178569,0.61,1.0299214,0.158385927,0.73,1.017793624,0.121056155,0.7
9705,1,0.237779563,0.84,1.042597591,0.217486031,0.69,0.984237154,0.234159241,0.75,1.011488165,0.123366361,0.77
8518,1,0.19942235,0.779,1.002840001,0.191059929,0.75,0.949264547,0.20581148,0.41,0.977021378,0.12575867,0.66
9053,1,0.181887674,0.729,0.988597833,0.210722728,0.75,0.944749219,0.185522218,0.52,1.016265316,0.195851585,0.62
8799,1,0.173311766,0.696,1.03577161,0.144176964,0.75,1.041111353,0.153351295,0.7,1.056307072,0.198186603,0.7
9690,1,0.179869139,0.421,1.007930782,0.134901445,0.75,1.069025031,0.117543339,0.7,0.868191852,0.121225434,0.7
9564,1,0.195589005,0.718,1.018256125,0.201456713,0.84,0.993312695,0.218007578,0.8,0.980823958,0.122213031,0.7
9073,1,0.219956504,0.729,1.018634478,0.202602101,0.6,0.984235783,0.186282245,0.7,0.993585207,0.12049724,0.7
8502,1,0.214003601,0.894,0.982680213,0.221078545,0.91,1.006038765,0.227356559,0.89,1.00743917,0.124552815,0.87
8328,1,0.211400196,0.876,0.978340327,0.216090976,0.78,0.971512411,0.223368681,0.89,1.002016014,0.123537558,0.86
9888,1,0.199922433,0.658,1.013202672,0.151956707,0.6,1.004144715,0.198951605,0.6,0.92989346,0.199640456,0.64
9814,1,0.155647234,0.702,1.080965992,0.175229687,0.84,1.095120955,0.170818918,0.7,1.095863139,0.123699937,0.7
9473,1,0.196419484,0.653,1.005910933,0.183142848,0.63,0.992934907,0.208075194,0.7,1.015721892,0.127258769,0.63
8384,1,0.173630827,0.622,0.987205454,0.15850502,0.64,1.026396592,0.176081719,0.7,1.130685647,0.123351519,0.67
9106,1,0.164364081,0.645,1.040793404,0.186471584,0.75,1.046523782,0.188865955,0.7,0.94813465,0.194285362,0.7
9954,1,0.219220253,0.79,1.057885813,0.232154849,0.74,0.99214585,0.247899344,0.74,0.967566792,0.124691443,0.73
9462,1,0.17692268,0.62,0.993701192,0.192289635,0.6,1.024036239,0.18587963,0.64,1.043449764,0.131683705,0.7
8532,1,0.166329635,0.652,1.005478051,0.191987314,0.75,0.97851062,0.189813811,0.9,1.042063164,0.130669111,0.7
9366,1,0.259189682,0.874,0.99733972,0.221468905,0.75,1.009065507,0.206986676,0.76,1.000844827,0.124681985,0.83
9185,1,0.191191076,0.771,1.026496503,0.228026572,0.49,1.011458864,0.186143114,0.74,1.020390191,0.123510632,0.78
9104,1,0.224216769,0.919,1.015700775,0.231038362,0.81,1.018451828,0.240335924,0.91,1.028656504,0.13480188,0.9
9778,1,0.172908114,0.789,0.987167236,0.177234642,0.75,1.028965239,0.178249573,0.6,1.032282172,0.129863199,0.69
8748,1,0.213132561,0.877,0.985368561,0.250747019,0.88,0.993607652,0.230133958,0.89,1.048927595,0.127582859,0.9
9870,1,0.169680393,0.904,1.02306991,0.218882656,0.8,0.988884548,0.169658515,0.85,1.007750817,0.124710676,0.84
8318,1,0.207903432,0.761,0.941276116,0.212821252,0.7,1.007970305,0.210385399,0.73,0.956314017,0.199297669,0.7
8989,1,0.236433941,0.855,0.969703162,0.219685775,0.75,0.944432247,0.220089505,0.85,0.993259561,0.198796835,0.86
8688,1,0.177415943,0.766,1.037489723,0.183808077,0.69,0.997473594,0.175349614,0.7,0.977152672,0.197725752,0.7
8563,1,0.207701119,0.728,0.981505294,0.179009648,0.68,1.007343039,0.178270218,0.93,0.977148564,0.199671408,0.7
8557,1,0.209482749,0.728,0.973535055,0.180947095,0.66,0.955150283,0.191131333,0.7,0.97879157,0.196968836,0.63
8880,1,0.160771141,0.648,0.965308643,0.166013956,0.6,0.918073123,0.151183362,0.62,0.982062159,0.125266935,0.7
8466,1,0.214281501,0.801,0.958465383,0.228016044,0.81,1.021116798,0.192254419,0.82,1.117099618,0.123977658,0.79
9535,1,0.151145703,0.651,0.951520668,0.144250136,0.64,0.953267765,0.134415905,0.7,0.916758815,0.12595425,0.7
9427,1,0.128375634,0.562,0.999565898,0.127396143,0.74,0.998543113,0.130718712,0.7,0.916759314,0.123353987,0.7
9440,1,0.189170032,0.754,1.012729943,0.194375939,0.75,0.994947562,0.202013935,0.66,0.951391138,0.121012975,0.68
9078,1,0.164542465,0.691,1.036219786,0.187696778,0.75,1.013423898,0.193786736,0.76,1.00479965,0.123826171,0.74
8454,1,0.177414523,0.802,0.991894395,0.18640965,0.8,0.9937413,0.189976295,0.79,1.00647053,0.125515685,0.82
8474,1,0.144996981,0.626,1.000553494,0.152761003,0.63,1.002875264,0.174908087,0.7,1.032311979,0.123030771,0.43
8340,1,0.134064549,0.65,0.983479064,0.161030352,0.75,0.961112518,0.170119524,0.7,1.001852979,0.190617686,0.7
8835,1,0.178942575,0.768,0.996194995,0.182533084,0.6,1.055803603,0.203941441,0.79,0.995897936,0.121282786,0.79
9998,1,0.177488885,0.678,1.196437145,0.184774302,0.6,1.035249516,0.197994113,0.7,0.962444805,0.197760813,0.7
9868,1,0.168539437,0.723,0.981424764,0.165136745,0.8,1.01631052,0.180371221,0.62,0.985043917,0.120681276,0.78
9875,1,0.198077394,0.749,0.991536814,0.196860326,0.55,0.966480446,0.180794774,0.7,1.027398622,0.122095108,0.62
8484,1,0.178458229,0.765,0.972222643,0.158241651,0.68,1.01193969,0.176999983,0.62,1.010112657,0.123278558,0.7
9409,1,0.125067245,0.567,1.017111606,0.143818388,0.57,1.175942629,0.183830964,0.7,1.059752339,0.130574718,0.7
9547,1,0.201829491,0.748,0.992077505,0.164124587,0.63,0.958486119,0.231324364,0.7,0.943161282,0.121716842,0.7
9508,1,0.110229076,0.682,0.988026317,0.112243788,0.62,1.006730619,0.122311696,0.64,1.003906669,0.123070422,0.7
9453,1,0.104508928,0.724,0.996224701,0.141923361,0.63,0.996840851,0.115194373,0.64,0.947924595,0.120672212,0.7
9434,1,0.13275854,0.862,1.159090367,0.156324682,0.67,1.073480554,0.104636286,0.64,1.035409997,0.129575173,0.7
8414,1,0.212812918,0.789,1.088967262,0.266102897,0.63,0.98758015,0.214367719,0.8,0.830641965,0.185186272,0.7
9866,1,0.234614295,0.757,1.094054658,0.205457003,0.75,1.016604287,0.238267902,0.63,0.995198152,0.122800381,0.68
8477,1,0.189402308,0.753,1.013373144,0.197042977,0.81,1.032035914,0.173964965,0.79,0.964088109,0.12720133,0.73
9763,1,0.29722176,0.664,1.023595537,0.317729236,0.64,1.074369675,0.393085218,0.7,1.030471894,0.123441535,0.7
8573,1,0.195761683,0.786,1.028860332,0.176766175,0.7,1.011446171,0.187132785,0.8,1.037184129,0.123411079,0.79
8309,1,0.228735655,0.956,1.021449798,0.226696468,0.94,1.015492046,0.24129941,0.98,1.086438019,0.122183674,0.97
9799,1,0.13889696,0.568,0.986066147,0.161616745,0.75,1.033863624,0.164056218,0.7,0.982377749,0.126731403,0.7
9995,1,0.195440886,0.68,1.064779429,0.206219531,0.75,1.049144709,0.188040678,0.63,1.015770522,0.129607481,0.72
9599,1,0.202505214,0.847,1.003132108,0.219234166,0.93,1.01239618,0.215681816,0.67,1.031974514,0.121181329,0.73
9607,1,0.164922759,0.637,0.984572452,0.21954579,0.6,1.028458836,0.184060713,0.68,0.995488297,0.124567328,0.64
8718,1,0.193304581,0.567,1.023930112,0.18691288,0.68,1.003930846,0.188606325,0.6,0.972280695,0.120924298,0.7
8969,1,0.156836955,0.573,0.952184212,0.206234097,0.66,0.954210122,0.18418238,0.64,1.000878724,0.123235888,0.7
9511,1,0.338277832,0.684,1.157104207,0.387866199,0.7,1.085058676,0.391640276,0.64,0.979346846,0.124865951,0.7
8867,1,0.165464698,0.82,1.006627509,0.137390392,0.6,1.089964309,0.203710143,0.64,0.946432649,0.193526094,0.7
9717,1,0.174376528,0.728,0.976459592,0.131679795,0.83,1.075317537,0.207045512,0.7,0.961208697,0.195279998,0.7
9923,1,0.223055395,0.691,0.979505804,0.200214408,0.6,1.070689542,0.224482826,0.8,0.994072348,0.120814121,0.82
9154,1,0.188898532,0.387,0.921166104,0.190026372,0.92,1.079306437,0.199125885,0.7,0.906434445,0.196172948,0.72
9752,1,0.149641782,0.553,1.3397972,0.242990763,0.58,1.010846061,0.281448588,0.7,1.142240817,0.139231571,0.7
9033,1,0.12653774,0.656,1.113353757,0.163886313,0.92,1.016021715,0.194364221,0.8,1.131436972,0.194223486,0.7
8915,1,0.132526024,0.358,0.932385623,0.128075963,0.75,1.108197883,0.171805619,0.8,0.858947841,0.195543574,0.7
9808,1,0.195568302,0.538,1.134807127,0.199254159,0.93,1.018977301,0.219613416,0.64,0.91844243,0.189068247,0.63
9514,1,0.258414589,0.679,0.985772652,0.093822504,0.6,1.012961019,0.19723161,0.97,1.073444287,0.124684259,0.7
9065,1,0.201093255,0.612,1.145712865,0.189189255,0.6,0.954979596,0.205847446,0.64,0.94877484,0.126603418,0.7
9509,1,0.185703831,0.554,0.968199746,0.202102831,0.63,0.921986879,0.189086826,0.7,0.815870619,0.18421986,0.7
9472,1,0.226621088,0.657,0.998175607,0.186148773,0.7,0.941975913,0.204476574,0.7,0.96368483,0.189652814,0.7
8777,1,0.181071392,0.613,0.908292223,0.179956088,0.6,0.962055019,0.163788006,0.7,1.110701245,0.196336884,0.7
9515,1,0.174210002,0.576,0.886922116,0.198318587,0.7,0.909331445,0.143347063,0.7,0.788663389,0.185742246,0.7
9980,1,0.195867518,0.598,1.044177216,0.183956917,0.8,0.924358987,0.176196128,0.91,0.811538972,0.191866159,0.7
8713,1,0.192080423,0.572,0.886956394,0.219346055,0.75,0.931787488,0.190717989,0.75,0.900717683,0.182608104,0.72
