"","NUID","SATREAD","SATMATH","ACTCUM","CARNIGIE","AVGSALMALE","AVGSALWOM","AVGSALTOT","HOUSE","HDEM","HREP","SENATE","SDEM","SREP","PERNWHT","STUFACR","TUITINS","FEEINS","TUITOUT","FEEOUT","FOOTBALL","TUITPER","SLCTVTY","APPEAL","RSRCHPSTU","BINGEDRK","HEALTHINS","MENTALHLTH","PHYSHLTH","FRACDEGRE"
"1",9219,670,650,30,15,10247,7848,9302,0.796,-0.468,0.906,1.008,-0.617,1.079,0.311216796,16,9158,0,21232,0,0,0.248129507,0.820342205,0.419466976,9848.007308,12.3,16.3,14,13.9,0
"2",8874,520,600,31,22,5711,5888,5812,0.796,-0.468,0.906,1.008,-0.617,1.079,0.984218077,18,9920,200,9920,200,0,0.221098156,0.532846715,0.657534247,0,0,0,0,0,0
"3",9774,560,540,26,18,7223,6363,6801,0.796,-0.468,0.906,1.008,-0.617,1.079,0.33724111,19,8490,300,16980,300,0.833,0.378753623,0.83260357,0.479368932,167.3288394,0,0,0,0,0
"4",8377,510,520,22,22,7297,10082,8399,0.796,-0.468,0.906,1.008,-0.617,1.079,0.981950602,13,18560,1010,18560,1010,0.75,0.261454268,0.492198009,0.173817983,8286.272958,0,0,0,0,0
"5",9424,610,555,25,20,5923,5711,5804,0.634,-0.483,0.797,0.621,-0.742,0.855,0.465783664,7,19500,110,19500,110,0,0.38306853,0.420731707,0.137681159,1161.580574,20.2,14.5,9.4,9.9,0
"6",8360,0,0,0,-3,3207,4305,4148,0.746,-1.429,1.263,0.597,-1.449,1.02,0.577147623,43,0,0,0,0,0,0,1,0.642201835,0,15.6,17.1,12.4,12.3,0
"7",9577,630,640,28,15,12027,8741,10647,0.746,-1.429,1.263,0.597,-1.449,1.02,0.44858348,22,9454,673,23830,673,0.769,0.45704518,0.84327532,0.401585968,5033.182785,15.3,14.7,11.5,11.3,0
"8",8369,550,540,24,22,4808,5430,5030,0.746,-1.429,1.263,0.597,-1.449,1.02,0.362758621,15,21476,990,21476,990,0,0.402143258,0.567272727,0.493589744,0,14.5,22.2,13.1,13.8,0
"9",9317,660,660,31,21,7603,7019,7333,0.678,0.136,1.123,0.848,0.207,0.943,0.28769018,11,38840,300,38840,300,0.6,0.279136246,0.828228228,0.227701233,669.5484094,0,0,0,0,0
"10",8412,0,0,0,22,6653,5801,6451,0.678,0.136,1.123,0.848,0.207,0.943,0.227746053,15,22552,1036,22552,1036,0,0.346341123,0.697751873,0.37947494,52.48102116,0,0,0,0,0
"11",8572,0,0,0,9,6043,7515,7147,-1.146,-1.651,1.541,-1.41,-1.656,1.482,0.511784512,12,29900,750,29900,750,0,0.977825003,0.201612903,0.455384615,0,15.1,23.4,13,14.7,0
"12",9925,800,800,35,15,18856,15486,18138,-1.146,-1.651,1.541,-1.41,-1.656,1.482,0.642950677,3,41790,1572,41790,1572,0,0.015676679,0.088275862,0.392361111,109722.392,16,15.3,10.5,11.2,0
"13",9122,0,0,0,18,8178,7888,8039,-1.146,-1.651,1.541,-1.41,-1.656,1.482,0.708315565,22,5472,1214,16632,1214,0,0.24024233,0.727229223,0.270234701,107.3785714,17.1,18.1,13.3,13.8,0
"14",9621,550,550,24,18,8593,7792,8243,-1.146,-1.651,1.541,-1.41,-1.656,1.482,0.481810016,26,5472,1530,16632,1530,0,0.249938656,0.709560363,0.193089431,74.01263193,18.4,13.4,13,12.7,0
"15",9207,670,760,32,15,14649,11426,13689,-1.146,-1.651,1.541,-1.41,-1.656,1.482,0.733918687,19,11220,2207,34098,2207,0,0,0.332874959,0.201317027,26771.33575,0,0,0,0,0
"16",9524,560,590,26,18,7299,6418,6855,-1.146,-1.651,1.541,-1.41,-1.656,1.482,0.466071761,10,29990,650,29990,650,0,0.73387817,0.860810811,0.184196756,0,15.9,9,8.6,8.3,0
"17",8876,0,0,0,30,3410,2732,2982,-1.146,-1.651,1.541,-1.41,-1.656,1.482,0.653333333,21,28965,965,28965,965,0,0.987239852,0.517804154,0.64469914,0,15.1,23.4,13,14.7,0
"18",9878,0,0,0,10,2390,2271,2310,-1.146,-1.651,1.541,-1.41,-1.656,1.482,0.628297362,17,28965,965,28965,965,0,0,0.53875969,0.712230216,0,16.6,11.7,9.8,10.1,0
"19",9486,0,0,0,30,7037,7397,7133,-1.146,-1.651,1.541,-1.41,-1.656,1.482,0.541237113,12,27300,0,27300,0,0,0.733764508,0.584745763,0.492753623,0,0,0,0,0,0
"20",9244,0,0,0,30,7047,7359,7151,-1.146,-1.651,1.541,-1.41,-1.656,1.482,0.689236111,8,21920,525,21920,525,0,0.805824491,0.98,0.612244898,0,17.3,14.8,11,11,0
"21",8613,560,590,25,30,7282,7106,7184,-1.146,-1.651,1.541,-1.41,-1.656,1.482,0.765463918,7,38290,2200,38290,2200,0,0.794154397,0.664772727,0.2668566,0,15.1,23.4,13,14.7,0
"22",8615,600,620,28,18,9671,9098,9435,-1.146,-1.651,1.541,-1.41,-1.656,1.482,0.392323545,14,30800,606,30800,606,0,0.640517875,0.695322793,0.278540976,156.9113859,17.3,14.8,11,11,0
"23",9256,600,620,27,16,9803,8632,9277,-1.146,-1.651,1.541,-1.41,-1.656,1.482,0.63511306,28,5472,1394,16632,1394,0.538,0.375178804,0.344776093,0.257528662,82.97541054,17.3,14.8,11,11,0
"24",9042,0,0,0,30,11107,9776,10800,-1.146,-1.651,1.541,-1.41,-1.656,1.482,0.640186916,7,40000,992,40000,992,0,0.27904849,0.372727273,0.333333333,0,16.6,11.7,9.8,10.1,0
"25",8916,750,710,33,21,11270,10378,10754,-1.146,-1.651,1.541,-1.41,-1.656,1.482,0.50092081,10,47164,214,47164,214,0,0.31963699,0.284049284,0.293083236,0,0,0,0,0,0
"26",9594,560,560,24,21,6355,6074,6256,-1.146,-1.651,1.541,-1.41,-1.656,1.482,0.409422694,11,24300,0,24300,0,0.3,0.673098198,0.573578595,0.370262391,0,17.7,13.1,13.6,13.3,0
"27",9773,560,530,24,22,7324,7671,7473,-1.146,-1.651,1.541,-1.41,-1.656,1.482,0.511035654,15,29980,70,29980,70,0,0.688101982,0.580044676,0.403080873,0,18.4,15.9,11.6,11.8,0
"28",9112,0,0,0,10,6411,5487,5641,-1.196,-1.758,1.648,-0.518,-1.184,1.624,0.646545455,32,0,0,0,0,0,0.707985368,0.572,0.636363636,0,16.5,18.9,10.9,11.5,0
"29",8727,600,590,27,18,6551,6534,6541,-1.196,-1.758,1.648,-0.518,-1.184,1.624,0.369153762,14,32460,600,32460,600,0,0.794331532,0.960363336,0.206792777,0,19.9,17.8,10.1,11.1,0
"30",9748,580,610,27,18,11780,9757,10672,-1.006,-1.143,0.08,-1.034,-1.213,0.179,0.238025518,13,39170,1500,39170,1500,0,0.654558796,0.65910851,0.108101051,346.2415813,0,0,0,0,0
"31",9156,0,0,0,18,9055,8283,8631,-1.006,-1.143,0.08,-1.034,-1.213,0.179,0.331516588,15,35500,250,35500,250,0.75,0.652218267,0.571538293,0.265885967,0,0,0,0,0,0
"32",8538,520,510,23,18,8948,8267,8602,-1.006,-1.143,0.08,-1.034,-1.213,0.179,0.382640202,14,4600,4557,14886,6006,0.182,0.309991537,0.715411559,0.393512852,176.6384688,12.9,17.4,13.4,13.1,0
"33",8553,800,800,35,15,18138,13868,16529,-1.006,-1.143,0.08,-1.034,-1.213,0.179,0.551181102,6,45800,0,45800,0,0.8,0.033634961,0.06304151,0.697948718,36123.54533,12.9,17.4,13.4,13.1,0
"34",9145,620,610,28,16,9891,9172,9619,0,0,0,0,0,0,0.452361452,7,39200,526,39200,526,0.3,0.546960522,0.739116769,0.176908356,2421.501911,20.3,9.9,10.9,9.8,0
"35",9829,640,540,22,24,5072,4605,4966,0.573,-1.032,0.744,0.37,-1.067,0.525,0.170357751,15,9300,400,9300,400,0,0.459933548,0.555555556,0.4125,0,0,0,0,0,0
"36",9805,0,0,0,19,9180,8142,8935,0.573,-1.032,0.744,0.37,-1.067,0.525,0.495073466,14,30720,1228,30720,1228,0,0.413973954,0.730609249,0.407568654,2150.043215,0,0,0,0,0
"37",8460,570,570,25,16,9194,7526,8445,0.573,-1.032,0.744,0.37,-1.067,0.525,0.522193769,24,2522,2309,14374,2902,0.25,0.285889747,0.660264989,0.310124658,651.8159411,18.9,15,10.7,9.6,0
"38",8946,580,560,25,22,6396,6100,6244,0.573,-1.032,0.744,0.37,-1.067,0.525,0.236878453,18,16180,0,16180,0,0,0.59226265,0.47881549,0.21344751,0,0,0,0,0,0
"39",9507,0,0,0,10,4463,5497,5454,0.573,-1.032,0.744,0.37,-1.067,0.525,0.673195876,32,0,0,0,0,0,0.629260735,1,0.593495935,0,17.4,20.2,13.8,12.9,0
"40",9672,0,0,0,-3,0,4138,4138,0.573,-1.032,0.744,0.37,-1.067,0.525,0.729295426,17,0,0,0,0,0,0.670915751,1,0.459330144,0,17.5,22.6,13.7,13.4,0
"41",9261,610,660,30,17,9591,7511,9111,0.573,-1.032,0.744,0.37,-1.067,0.525,0.607593081,9,37240,750,37240,750,0.545,0.522398108,0.615653797,0.14607806,3341.230284,20.5,18.2,13.2,12,0
"42",8871,670,690,31,15,11847,9098,10850,0.573,-1.032,0.744,0.37,-1.067,0.525,0.445432697,21,4477,1836,25694,2897,0.583,0.138317102,0.456074245,0.498164015,11321.10591,16.3,20.4,13.7,13.2,0
"43",9526,510,530,23,22,4523,3973,4340,0.573,-1.032,0.744,0.37,-1.067,0.525,0.619164619,23,21686,2348,21686,2348,0,0.651910658,0.505633803,0.417827298,0,0,0,0,0,0
"44",8717,500,510,21,22,5331,4420,4790,0.809,-0.774,0.926,0.855,-0.791,0.958,0.615156898,20,16700,950,16700,950,0,0.553731787,0.518867925,0.567676768,0,0,0,0,0,0
"45",8341,470,460,20,17,6936,6188,6640,0.809,-0.774,0.926,0.855,-0.791,0.958,0.997375328,17,19682,1652,19682,1652,0.3,0.53564172,0.846692607,0.164751838,2023.675066,14.1,19.7,12,12.8,0
"46",8816,550,530,0,18,6765,6973,6914,0.809,-0.774,0.926,0.855,-0.791,0.958,0.506419401,11,24380,400,24380,400,0,0.674835081,0.758095981,0.118888317,0,0,0,0,0,0
"47",9785,540,520,23,20,6016,5557,5792,0.809,-0.774,0.926,0.855,-0.791,0.958,0.375827338,16,3792,1366,13797,1366,0,0.265690564,0.696352841,0.478684531,34.41899281,0,0,0,0,0
"48",9680,560,560,24,21,7090,6845,7004,0.809,-0.774,0.926,0.855,-0.791,0.958,0.999133824,12,23966,2124,23966,2124,0.6,0.31097594,0.840286055,0.382978723,2314.37029,14.1,19.7,12,12.8,0
"49",9164,550,545,22,22,5898,5247,5538,0.809,-0.774,0.926,0.855,-0.791,0.958,0.294629898,12,18996,200,18996,200,0,0.505684736,0.900170648,0.293838863,0,0,0,0,0,0
"50",9896,560,540,24,21,7742,7383,7491,0.809,-0.774,0.926,0.855,-0.791,0.958,1,10,22055,3441,22055,3441,0,0.241980104,0.540009251,0.23640257,1692.223243,14.1,19.7,12,12.8,0
"51",9416,0,0,0,22,5006,5622,5454,0.809,-0.774,0.926,0.855,-0.791,0.958,0.559773371,10,14800,950,14800,950,0,0.799170288,0.602739726,0.757575758,0,0,0,0,0,0
"52",9891,580,590,27,16,8632,7595,8246,0.876,-0.914,0.961,0.834,-1.038,0.908,0.229614045,17,4784,2000,18314,2000,0.091,0.215878509,0.67480916,0.276192134,5913.56493,0,0,0,0,0
"53",9176,510,520,22,22,5782,5363,5544,0.876,-0.914,0.961,0.834,-1.038,0.908,0.159111111,16,5900,2724,16418,2724,0,0.280335505,0.990361446,0.624087591,45.02044444,0,0,0,0,0
"54",9729,550,550,26,22,6094,5508,5888,-0.217,-0.833,0.396,-0.429,-0.703,0.433,0.244604317,11,24140,220,24140,220,0.7,0.56334244,0.55680156,0.234676007,0,0,0,0,0,0
"55",8778,590,660,27,15,11432,9794,10600,-0.217,-0.833,0.396,-0.429,-0.703,0.433,0.580912462,17,11564,3050,23814,3050,0,0.12452799,0.744794344,0.261454828,9031.011672,18.7,18.8,12.1,13.5,0
"56",8581,0,0,26,17,8636,7353,7962,-0.217,-0.833,0.396,-0.429,-0.703,0.433,0.209788044,19,10113,2689,17451,2780,0.867,0.32263152,0.738789384,0.317554415,1025.735696,0,0,0,0,0
"57",9765,620,650,26,22,6726,6054,6422,-0.217,-0.833,0.396,-0.429,-0.703,0.433,0.42972973,10,26750,780,26750,780,0,0.606748132,0.731152205,0.391050584,0,19.7,18.4,11.4,12.4,0
"58",8357,0,0,27,23,5418,4765,5010,-0.217,-0.833,0.396,-0.429,-0.703,0.433,0.43883357,18,16500,1000,16500,1000,0,0.540319385,0.5624,0.522048364,0,0,0,0,0,0
"59",8788,0,0,23,22,5021,5600,5323,-0.217,-0.833,0.396,-0.429,-0.703,0.433,0.269789984,13,22900,700,22900,700,0.3,0.530623474,0.783653846,0.237218814,0,0,0,0,0,0
"60",9377,570,620,26,22,6009,5637,5818,-0.217,-0.833,0.396,-0.429,-0.703,0.433,0.242301459,11,28828,792,28828,792,0.3,0.448628375,0.62734255,0.233594515,0,18.4,15.7,13.6,13.9,0
"61",9284,0,0,27,19,8888,7445,8104,-0.217,-0.833,0.396,-0.429,-0.703,0.433,0.243995313,15,34050,180,34050,180,0.8,0.616067271,0.598415705,0.165755396,0,20.6,7,7.8,7.4,0
"62",9634,770,790,34,15,16697,12204,15044,-0.217,-0.833,0.396,-0.429,-0.703,0.433,0.52094768,7,46836,415,46836,415,0.417,0.156803431,0.131139752,0.46263587,16975.36032,20.9,9.3,8.9,8.7,0
"63",8941,560,580,27,18,8237,6727,7553,-0.217,-0.833,0.396,-0.429,-0.703,0.433,0.351070529,14,9265,1962,15180,1962,0,0.240619363,0.615753425,0.339265851,309.1583753,19.1,12.7,11.9,11.9,0
"64",8966,600,570,26,18,8471,7239,7866,-0.217,-0.833,0.396,-0.429,-0.703,0.433,0.259965993,18,6706,2378,8830,2414,0,0.265805309,0.869633922,0.321926105,598.5759179,0,0,0,0,0
"65",9493,560,620,27,22,6510,5694,6092,-0.217,-0.833,0.396,-0.429,-0.703,0.433,0.303985723,11,25060,455,25060,455,0,0.651232462,0.902158273,0.303030303,0,0,0,0,0,0
"66",8440,620,590,26,17,7300,6563,7129,-0.217,-0.833,0.396,-0.429,-0.703,0.433,0.4305026,14,26920,440,26920,440,0,0.471297917,1,0.408060453,0,0,0,0,0,0
"67",8304,0,0,23,18,8986,7749,8439,-0.217,-0.833,0.396,-0.429,-0.703,0.433,0.318406492,15,8175,3296,12262,3296,0.417,0.215315853,0.696373348,0.215987081,454.3527112,0,0,0,0,0
"68",9249,710,700,32,21,9066,7796,8607,-0.217,-0.833,0.396,-0.429,-0.703,0.433,0.261781697,12,31900,0,31900,0,0.917,0.297781169,0.691542289,0.436690647,253.1003344,0,0,0,0,0
"69",9565,620,640,28,21,6506,5354,5910,0.851,-0.5,0.917,0.814,-0.407,0.894,0.276422764,10,29700,0,29700,0,0,0.298923791,0.54,0.327160494,46.51829268,0,0,0,0,0
"70",8398,568,560,26,22,6082,6204,6127,0.851,-0.5,0.917,0.814,-0.407,0.894,0.115479115,12,23976,795,23976,795,0,0.450629628,0.97109067,0.305818674,0,0,0,0,0,0
"71",8407,680,650,30,21,7521,6721,7102,0.411,-0.984,0.654,-0.79,-1.041,0.721,0.358885017,11,37275,225,37275,225,0.556,0.325690008,0.736292428,0.186524823,94.19599303,0,0,0,0,0
"72",9749,620,700,28,15,11896,9288,10844,0.411,-0.984,0.654,-0.79,-1.041,0.721,0.33491339,16,6678,1401,26008,1401,0.538,0.124001567,0.809478358,0.239208449,10339.03909,20.1,9.3,8.9,9.2,0
"73",8937,568,615,26,22,6536,5992,6319,0.411,-0.984,0.654,-0.79,-1.041,0.721,0.194073213,12,28340,1360,28340,1360,0.3,0.451176104,0.951276102,0.304065041,208.7141197,0,0,0,0,0
"74",8826,560,580,25,18,6864,6088,6539,0.625,-0.826,0.885,0.781,-0.783,0.899,0.350838342,19,24450,180,24450,180,0,0.689213994,0.613803231,0.435406699,0,13.9,20,10.8,11.6,0
"75",8847,550,540,27,18,5786,5627,5688,0.625,-0.826,0.885,0.781,-0.783,0.899,0.244448735,14,23700,1010,23700,1010,0,0.562153382,0.528103518,0.13323124,0,13.9,20,10.8,11.6,0
"76",9740,505,553,25,22,5300,4987,5154,0,0,0,0,0,0,0.267409471,12,21400,630,21400,630,0.636,0.48904931,0.607175713,0.339393939,0,0,0,0,0,0
"77",8521,0,0,0,22,6451,5915,6107,0,0,0,0,0,0,0.203592814,15,22000,300,22000,300,0,0.578693438,0.582245431,0.34529148,0,0,0,0,0,0
"78",8589,535,560,25,18,6936,6310,6638,0,0,0,0,0,0,0.090719258,18,7866,0,19666,0,0.333,0.256228066,0.84434683,0.342230265,142.8203403,0,0,0,0,0
"79",8653,480,500,23,21,5893,11757,8782,0,0,0,0,0,0,0.158264463,16,18290,0,18290,0,0,0.671171908,1,0.15452151,7.191322314,0,0,0,0,0
"80",9712,0,0,0,24,5507,5074,5493,0,0,0,0,0,0,0.165817508,11,15792,500,15792,500,0,0.400114516,0.648915187,0.501519757,0,14.6,11.4,13.3,14.2,0
"81",9274,0,0,23,18,4517,4890,4679,0,0,0,0,0,0,0.155963303,13,21840,1140,21840,1140,0.2,0.488560986,0.75234657,0.230326296,0,0,0,0,0,0
"82",9315,0,0,24,22,5763,5421,5561,0.525,-0.219,0.71,0.437,-0.149,0.587,0.33264177,11,12750,1820,12750,1820,0.6,0.346620469,0.610630408,0.477732794,0,0,0,0,0,0
"83",8352,550,630,24,19,6243,5388,5803,0.525,-0.219,0.71,0.437,-0.149,0.587,0.330410111,20,4922,2312,15169,2312,0,0.363271194,0.883663366,0.564892624,256.4529275,0,0,0,0,0
"84",9857,0,0,24,18,6895,5837,6306,0.525,-0.219,0.71,0.437,-0.149,0.587,0.334680588,22,4798,1749,17362,1749,0.692,0.360549356,0.837298542,0.74274366,93.43645447,0,0,0,0,0
"85",9915,470,440,0,24,4592,0,4592,0,0,0,0,0,0,0.205882353,9,13500,1336,13500,1336,0,0.57092023,0.739130435,0.411764706,0,17.7,10,13.4,12.3,0
"86",9089,0,0,0,16,10062,9629,9874,0,0,0,0,0,0,0.48574418,10,40380,350,40380,350,0,0.426673154,0.540251917,0.13887481,1928.851687,16,11.2,14.4,13.2,0
"87",8841,680,650,30,18,9939,8901,9470,0,0,0,0,0,0,0.385559131,15,36650,700,36650,700,0,0.649752208,0.491790102,0.200093392,329.3380933,17.7,10,13.4,12.3,0
"88",8373,640,640,29,21,7527,6738,7243,0,0,0,0,0,0,0.240048741,13,32930,1460,32930,1460,0,0.532108214,0.88372093,0.241028708,74.67952884,0,0,0,0,0
"89",8934,610,580,26,18,7956,7770,7833,0,0,0,0,0,0,0.392896325,10,24000,375,24000,375,0,0.582827673,0.714892112,0.150915388,3.480389468,17.4,5.6,10.1,9,0
"90",8759,610,580,27,30,9327,9268,9297,0,0,0,0,0,0,0.437384559,9,11225,0,29925,0,0,0.354567069,0.72936803,0.334352701,0,17.7,10,13.4,12.3,0
"91",9269,770,800,35,15,17029,14182,16314,0,0,0,0,0,0,0.658928421,8,44720,296,44720,296,0.909,0.064777659,0.07882981,0.720801659,104010.5139,17.4,5.6,10.1,9,0
"92",8366,0,0,0,30,8738,8855,8776,0,0,0,0,0,0,0.589588378,5,40950,455,40950,455,0,0.41288026,0.291433147,0.206043956,0,17.7,10,13.4,12.3,0
"93",9794,590,630,27,22,8378,7704,8168,0,0,0,0,0,0,0.400653747,16,29320,1445,29320,1445,0,0.631130142,0.826373213,0.242203506,0,17.7,10,13.4,12.3,0
"94",8372,540,550,23,19,7878,7517,7701,0,0,0,0,0,0,0.300401322,17,970,7712,7050,7712,0.5,0.376521947,0.745631068,0.31875,0,0,0,0,0,0
"95",9227,568,555,27,21,5976,4723,5472,0.541,-1.008,0.752,0.641,-1.443,0.774,0.154376292,12,34190,395,34190,395,0.2,0.343511956,0.719846022,0.212121212,0,0,0,0,0,0
"96",8955,640,660,29,21,8361,7868,8189,0.541,-1.008,0.752,0.641,-1.443,0.774,0.264104842,12,29400,235,29400,235,0,0.452909933,0.731448763,0.353400223,673.0635273,18.9,17.5,13.5,13.9,0
"97",9802,660,650,29,21,8383,7401,7922,0.541,-1.008,0.752,0.641,-1.443,0.774,0.170914127,12,29390,170,29390,170,0,0.426023855,0.774061433,0.243974133,1674.687258,0,0,0,0,0
"98",8456,580,650,28,18,7717,7236,7570,0.541,-1.008,0.752,0.641,-1.443,0.774,0.530948811,11,29580,620,29580,620,0,0.518201411,0.574179431,0.256859756,263.3461127,16.5,13.1,11.8,11.3,0
"99",8737,720,760,33,15,11564,9285,10677,0.541,-1.008,0.752,0.641,-1.443,0.774,0.428148802,12,14008,328,43049,328,0,0.123528136,0.322384282,0.405371721,17944.16602,18.7,9.4,9.4,8.6,0
"100",9786,580,690,28,15,11821,9226,10802,0.541,-1.008,0.752,0.641,-1.443,0.774,0.326011266,17,13954,0,35516,0,0.846,0.306578309,0.660925597,0.366970387,6814.472064,0,0,0,0,0
"101",8389,0,658,27,18,9421,8011,8859,0.541,-1.008,0.752,0.641,-1.443,0.774,0.338652149,15,10542,410,22740,410,0.417,0.600676872,0.626658973,0.291896869,405.8569551,19.4,16.3,14.6,14,0
"102",9852,583,680,24,18,8229,7474,7838,0.541,-1.008,0.752,0.641,-1.443,0.774,0.317195326,15,9276,418,18504,418,0,0.540807952,0.786392405,0.26639839,57.44868899,14.8,23.3,17.4,18.7,0
"103",8726,0,0,24,19,7968,7064,7578,0.541,-1.008,0.752,0.641,-1.443,0.774,0.162737425,21,8664,660,13896,660,0.273,0.328984323,0.72094723,0.324614761,100.4713181,0,0,0,0,0
"104",8719,0,0,22,22,4174,5107,4693,0.541,-1.008,0.752,0.641,-1.443,0.774,0.266778523,9,20980,500,20980,500,0,0.589981843,0.454545455,0.304347826,0,0,0,0,0,0
"105",8425,660,640,28,18,7757,7408,7599,-0.663,-1.071,1.071,0,0,0,0.173226773,12,32840,150,32840,150,0.7,0.620122775,0.95434677,0.307379135,0,0,0,0,0,0
"106",9559,0,0,27,22,5737,4344,5501,-0.663,-1.071,1.071,0,0,0,0.050159236,14,12920,0,12920,0,0.2,0.441538896,0.973214286,0.866972477,0,0,0,0,0,0
"107",8686,0,0,24,18,8545,7672,8145,-0.663,-1.071,1.071,0,0,0,0.233748423,23,6667,907,14146,907,0.933,0.380902398,0.665765224,0.344365879,196.0612211,0,0,0,0,0
"108",9119,0,0,0,19,8263,8057,8156,-0.663,-1.071,1.071,0,0,0,0.421153344,17,6329,313,12914,313,0,0.397478048,1,0.252659574,35.48751848,0,0,0,0,0
"109",8840,650,600,26,30,7465,6725,7182,-0.663,-1.071,1.071,0,0,0,0.423529412,13,33696,450,33696,450,0,0.528821708,0.644067797,0.394736842,0,19.1,11.7,9.6,9.5,0
"110",8766,0,0,0,26,6976,5635,5719,-0.663,-1.071,1.071,0,0,0,0.448512586,11,12140,770,12140,770,0,0.989531028,1,0.88,0,19.1,11.7,9.6,9.5,0
"111",9300,700,690,32,21,8804,8123,8497,-0.663,-1.071,1.071,0,0,0,0.218671679,11,41700,0,41700,0,0.1,0.401093784,0.512820513,0.306,554.0617168,0,0,0,0,0
"112",9137,530,580,25,22,4800,4367,4691,-0.663,-1.071,1.071,0,0,0,0.238,18,23080,100,23080,100,0.4,0.646520424,0.283965015,0.308008214,0,0,0,0,0,0
"113",8635,540,530,24,17,10711,9051,10006,-0.663,-1.071,1.071,0,0,0,0.212152868,15,35872,810,35872,810,0.727,0.547591447,0.866180049,0.304451167,62.14825455,0,0,0,0,0
"114",9002,485,500,20,19,6838,6297,6595,0.561,-0.506,0.828,0.789,-0.536,1.047,0.959366391,16,4923,1277,4923,1277,0.769,0.161516092,0.784408085,0.317177914,1922.036501,0,0,0,0,0
"115",9432,545,655,23,20,5971,6120,6070,0.561,-0.506,0.828,0.789,-0.536,1.047,0.403180543,14,5540,100,15260,100,0,0.241852024,0.936111111,0.360534125,213.9488619,0,0,0,0,0
"116",9983,630,640,28,15,8894,6723,8047,0.561,-0.506,0.828,0.789,-0.536,1.047,0.297052752,19,7140,0,18478,0,0.769,0.196887057,0.710198774,0.388961549,6522.090526,0,0,0,0,0
"117",8636,590,590,27,18,5973,5258,5575,0.561,-0.506,0.828,0.789,-0.536,1.047,0.34737372,15,10500,900,10500,900,0,0.783593064,0.504191617,0.382422803,0,0,0,0,0,0
"118",9482,0,0,0,24,4828,4380,4778,1.162,-0.901,1.381,1.086,-0.861,1.206,0.123209169,16,7500,4200,7500,4200,0,0.325009373,0.423963134,0.793478261,0,0,0,0,0,0
"119",8543,590,630,25,22,6118,5399,5743,1.162,-0.901,1.381,1.086,-0.861,1.206,0.204064352,14,21100,730,21100,730,0,0.64311424,0.605348989,0.356681034,0,0,0,0,0,0
"120",8806,0,0,29,24,4906,3731,4201,1.162,-0.901,1.381,1.086,-0.861,1.206,0.359223301,4,19330,200,19330,200,0,0.480647137,1,1,0,0,0,0,0,0
"121",8789,680,680,28,16,9258,7562,8481,1.162,-0.901,1.381,1.086,-0.861,1.206,0.378450883,14,8103,1373,21162,1373,0,0.353142357,0.642607683,0.388768116,1035.738806,14.7,17.7,12.6,13.7,0
"122",9100,670,700,31,16,10808,8587,10238,1.162,-0.901,1.381,1.086,-0.861,1.206,0.326014637,18,8220,1317,24087,1317,0.364,0.349174109,0.858540677,0.419407359,3151.978931,0,0,0,0,0
"123",9102,0,660,27,16,9160,7595,8340,1.162,-0.901,1.381,1.086,-0.861,1.206,0.314513055,17,9474,0,24795,0,0,0.404129945,0.757767549,0.38952164,598.2623404,0,0,0,0,0
"124",9000,680,673,30,19,7366,6712,7095,1.162,-0.901,1.381,1.086,-0.861,1.206,0.202058423,17,7096,278,13160,278,0.6,0.255854332,0.744810745,0.432786885,139.1964583,0,0,0,0,0
"125",9656,580,620,25,18,6793,6231,6547,1.162,-0.901,1.381,1.086,-0.861,1.206,0.209272376,24,4288,2237,9289,2237,0.833,0.347494831,0.765818793,0.378534175,33.34050225,0,0,0,0,0
"126",8487,620,710,28,26,8672,8037,8294,1.162,-0.901,1.381,1.086,-0.861,1.206,0.353614889,9,27106,448,27106,448,0,0.566243348,0.694382022,0.624595469,0,0,0,0,0,0
"127",8951,600,620,26,18,5966,5351,5693,1.162,-0.901,1.381,1.086,-0.861,1.206,0.316559927,15,20000,840,20000,840,0.364,0.616830583,0.618453865,0.486895161,0,0,0,0,0,0
"128",9727,585,527,26,22,5153,5550,5451,1.162,-0.901,1.381,1.086,-0.861,1.206,0.247379455,9,28310,200,28310,200,0,0.282372176,0.535993062,0.297734628,0,15.6,13.5,11.4,11.6,0
"129",9438,0,0,24,26,7854,6207,6431,0,0,0,0.536,-0.361,0.727,0.092140921,10,12812,780,12812,780,0,0,0.573033708,0.745098039,147.1070461,21.8,13.5,9.1,9,0
"130",9215,530,520,25,21,6010,5702,5852,0,0,0,0.536,-0.361,0.727,0.168717047,12,26560,620,26560,620,0,0.274188843,0.793484942,0.207591015,0,0,0,0,0,0
"131",9640,475,505,27,22,4817,4768,4798,0,0,0,0.536,-0.361,0.727,0.258258258,14,18540,750,18540,750,0,0.411890546,0.446153846,0.689655172,0,20.9,16.3,9.5,10.2,0
"132",9571,0,0,0,19,6126,6713,6386,-0.538,-0.978,0.71,0.338,-1.077,0.817,0.34088763,18,33300,600,33300,600,0,0.628882474,0.95730499,0.054384644,0,0,0,0,0,0
"133",8872,530,530,0,20,9096,8389,8748,-0.538,-0.978,0.71,0.338,-1.077,0.817,0.203740334,16,10410,2454,18330,2454,0,0.453338825,0.785934608,0.248626374,456.0154648,0,0,0,0,0
"134",9220,550,550,0,21,10176,9197,9826,-0.538,-0.978,0.71,0.338,-1.077,0.817,0.281761006,13,13350,418,26330,418,0,0.763352989,0.700787402,0.45505618,27.40062893,16.4,17.6,12,11.8,0
"135",9183,490,510,22,18,9626,8857,9226,-0.897,-0.995,0.024,-0.856,-0.941,0.035,0.561398338,17,7345,3899,13754,3899,0.2,0.39929602,0.703567681,0.373353219,129.744208,0,0,0,0,0
"136",8436,610,670,29,16,11562,9372,11139,-0.897,-0.995,0.024,-0.856,-0.941,0.035,0.748473442,17,13120,2528,26760,2528,0,0.271572173,0.63387063,0.34676354,7554.830615,13.3,28.9,15.7,17.5,0
"137",8794,0,0,0,33,5987,6251,6102,-0.6,-1.172,0.91,-0.524,-0.885,0.957,0.909574468,7,3600,200,3600,200,0,0.051077691,1,0.644736842,0,14.3,17.8,10.9,11.2,0
"138",8556,600,620,24,17,12386,11015,11626,-1.077,-1.387,-0.023,-0.754,-1.599,0.046,0.498093624,11,30840,1500,30840,1500,0,0.742366129,0.724165342,0.15289321,79.56259267,0,0,0,0,0
"139",9528,610,650,28,26,9126,8025,8635,-1.077,-1.387,-0.023,-0.754,-1.599,0.046,0.366120219,10,29400,731,29400,731,0,0.728063369,0.674036639,0.199625117,2599.83303,15.5,14.8,13.2,13.1,0
"140",8783,570,590,26,18,6838,5905,6406,-1.077,-1.387,-0.023,-0.754,-1.599,0.046,0.415708052,12,25156,950,25156,950,0.5,0.259368152,0.694428489,0.202233251,1564.911146,0,0,0,0,0
"141",9484,0,0,0,30,8171,7861,8016,-1.077,-1.387,-0.023,-0.754,-1.599,0.046,0.554309026,20,32320,300,32320,300,0,0.749821101,0.230824545,0.303738318,0,15.5,18.3,12.6,13.1,0
"142",9733,0,0,0,21,11505,10198,10902,-1.077,-1.387,-0.023,-0.754,-1.599,0.046,0.444185369,10,47560,680,47560,680,0,0.343816501,0.44612069,0.180354267,458.2943748,0,0,0,0,0
"143",8367,0,0,0,24,2383,0,2383,-1.077,-1.387,-0.023,-0.754,-1.599,0.046,0,10,8100,0,8100,0,0,0.295983656,1,1,0,0,0,0,0,0
"144",8698,0,0,0,24,2066,0,2066,-1.077,-1.387,-0.023,-0.754,-1.599,0.046,0.090296496,37,6700,0,6700,0,0,0.995879547,1,1,0,0,0,0,0,0
"145",9648,780,790,34,15,18133,14242,16831,-1.077,-1.387,-0.023,-0.754,-1.599,0.046,0.644274757,6,48646,2362,48646,2362,0,0.17913223,0.069493736,0.621562636,22564.26925,15.5,18.3,12.6,13.1,0
"146",8913,0,0,0,21,8066,8069,8067,-1.077,-1.387,-0.023,-0.754,-1.599,0.046,0.323123123,11,39260,810,39260,810,0.2,0.564972625,0.895552025,0.092904656,112.5033033,0,0,0,0,0
"147",8956,720,730,31,24,8923,7155,8365,-1.077,-1.387,-0.023,-0.754,-1.599,0.046,0.134657837,6,18100,1280,18100,1280,0,0.044539238,0.618556701,0.633333333,58.24944812,15.5,18.3,12.6,13.1,0
"148",8815,0,0,0,24,6880,0,6880,-1.077,-1.387,-0.023,-0.754,-1.599,0.046,0,9,8600,0,8600,0,0,0.313580527,1,1,0,0,0,0,0,0
"149",9417,0,0,0,20,5299,4633,4951,-1.077,-1.387,-0.023,-0.754,-1.599,0.046,0.973832735,15,12840,900,12840,900,0,0.995645126,0.40272877,0.614485981,0,0,0,0,0,0
"150",9050,510,500,26,18,6583,6415,6520,-1.077,-1.387,-0.023,-0.754,-1.599,0.046,0.811458333,12,23500,300,23500,300,0,0.705413311,0.9936,0.40257649,0,0,0,0,0,0
"151",9627,0,0,0,22,5853,5586,5717,-1.077,-1.387,-0.023,-0.754,-1.599,0.046,0.258653846,14,22698,3448,22698,3448,0,0.427174189,0.984299517,0.299386503,0,0,0,0,0,0
"152",9193,530,550,24,24,4990,4300,4894,-1.077,-1.387,-0.023,-0.754,-1.599,0.046,0.300653595,16,11590,1050,11590,1050,0,0.480203205,0.477941176,0.769230769,0,0,0,0,0,0
"153",8417,720,770,32,15,12592,10525,12092,-1.077,-1.387,-0.023,-0.754,-1.599,0.046,0.400610731,15,46700,1208,46700,1208,0.545,0.410117547,0.375013439,0.190797018,17230.04217,0,0,0,0,0
"154",8665,570,590,26,18,6627,6016,6299,-1.077,-1.387,-0.023,-0.754,-1.599,0.046,0.373727581,13,27036,1032,27036,1032,0,0.73374932,0.6875,0.409090909,0,14.3,20.3,15.6,16,0
"155",8935,522,560,22,20,8994,8277,8603,-1.077,-1.387,-0.023,-0.754,-1.599,0.046,0.372444444,14,27130,500,27130,500,0,0.645233566,0.808151792,0.18173913,0,0,0,0,0,0
"156",8457,590,620,28,17,12593,10910,11847,-1.077,-1.387,-0.023,-0.754,-1.599,0.046,0.577137343,17,38082,810,38082,810,0,0.507803148,0.625221427,0.10024029,469.4156249,0,0,0,0,0
"157",8883,530,560,25,23,5962,5821,5919,-1.077,-1.387,-0.023,-0.754,-1.599,0.046,0.194690265,18,6170,1476,12780,1476,0,0.155314211,0.542426251,0.427436603,44.98574238,0,0,0,0,0
"158",9403,0,0,0,23,6296,6129,6220,-1.077,-1.387,-0.023,-0.754,-1.599,0.046,0.384757222,17,6170,1349,13174,1349,0,0.178658016,0.806668804,0.291335453,11.40155706,0,0,0,0,0
"159",9837,490,500,22,23,6592,6319,6496,-1.077,-1.387,-0.023,-0.754,-1.599,0.046,0.230549607,20,6170,1439,15320,1439,0,0.167527332,0.733354572,0.33840139,139.1363312,0,0,0,0,0
"160",9653,670,700,30,16,9773,8303,9201,-1.077,-1.387,-0.023,-0.754,-1.599,0.046,0.480923007,20,6170,2450,17810,2450,0,0.242422862,0.440563854,0.20709965,1688.862691,0,0,0,0,0
"161",8903,600,650,29,15,10913,8883,10135,-1.077,-1.387,-0.023,-0.754,-1.599,0.046,0.517508671,13,6170,2701,19590,2701,0.455,0.247944746,0.578061663,0.249256269,3786.381179,15.6,18.3,15.2,15.6,0
"162",9265,640,640,29,17,8861,7023,8340,-1.077,-1.387,-0.023,-0.754,-1.599,0.046,0.188094254,16,6170,1228,15820,1228,0,0.138001034,0.511278195,0.405637255,7552.058289,14.8,19.1,15.8,16,0
"163",8859,0,0,0,18,7007,6267,6619,-1.077,-1.387,-0.023,-0.754,-1.599,0.046,0.252489244,16,6170,1549,15820,1549,0.5,0.255038485,0.489617681,0.217692028,47.4786724,0,0,0,0,0
"164",9332,660,660,29,20,7701,6732,7272,-1.077,-1.387,-0.023,-0.754,-1.599,0.046,0.262244062,20,6170,1604,15820,1604,0,0.258788236,0.591295003,0.22082879,62.71187551,0,0,0,0,0
"165",8757,600,600,27,18,7361,6372,6851,-1.077,-1.387,-0.023,-0.754,-1.599,0.046,0.361378556,15,6170,1248,15820,1248,0,0.255708129,0.419277284,0.18748914,72.18468271,0,0,0,0,0
"166",9294,0,0,0,24,2180,0,2180,-1.077,-1.387,-0.023,-0.754,-1.599,0.046,0.094285714,19,8900,0,8900,0,0,0.875743065,1,1,0,0,0,0,0,0
"167",9692,0,0,0,14,4836,4814,4826,-1.077,-1.387,-0.023,-0.754,-1.599,0.046,0.855081556,17,20115,900,20115,900,0,0.999736729,0.793522267,0.316326531,0,0,0,0,0,0
"168",9246,0,0,0,24,4239,0,4239,-1.077,-1.387,-0.023,-0.754,-1.599,0.046,0,11,8800,0,8800,0,0,0.402852198,1,0.790697674,0,0,0,0,0,0
"169",8515,0,0,0,24,2116,0,2116,-1.077,-1.387,-0.023,-0.754,-1.599,0.046,0.062111801,9,10800,0,10800,0,0,0.274006587,1,1,0,0,0,0,0,0
"170",8833,550,570,24,17,8502,7410,7965,0.762,-0.723,0.918,0.864,-0.626,0.99,0.293847114,18,3959,2184,19156,2184,0.615,0.195424694,0.772832736,0.384461426,853.8602214,12.4,19.8,12.9,13.2,0
"171",9689,490,500,21,17,9100,8246,8732,0.762,-0.723,0.918,0.864,-0.626,0.99,0.925402726,18,3270,2372,16030,2372,0.75,0.196708297,0.570035336,0.426729482,2415.171004,13.6,20.6,12.2,12.1,0
"172",9254,650,680,30,15,9154,7272,8440,0.762,-0.723,0.918,0.864,-0.626,0.99,0.315880925,16,6038,2258,21293,2258,0.615,0.182497768,0.515971237,0.426526356,7521.965887,14.5,17.8,10.8,10.6,0
"173",9327,565,579,20,22,5323,5590,5457,0.762,-0.723,0.918,0.864,-0.626,0.99,0.686918177,13,27250,150,27250,150,0.5,0.636377732,0.532612747,0.21973408,0,0,0,0,0,0
"174",9015,520,570,21,18,5899,5965,5929,0.762,-0.723,0.918,0.864,-0.626,0.99,0.421052632,12,25175,680,25175,680,0,0.60594986,0.472332016,0.30125523,0,0,0,0,0,0
"175",8317,590,570,26,19,8417,6519,7196,0.762,-0.723,0.918,0.864,-0.626,0.99,0.440647482,10,29569,1000,29569,1000,0,0.462865404,0.784473953,0.186848958,0,14.7,19.8,11.4,11.4,0
"176",9293,605,590,0,22,5225,5638,5411,0.762,-0.723,0.918,0.864,-0.626,0.99,0.405970149,15,23682,0,23682,0,0,0.342993765,0.571274298,0.289224953,0,0,0,0,0,0
"177",9880,560,580,25,22,6030,5406,5792,0.819,-0.74,0.977,0.82,-0.915,0.95,0.154559505,12,28866,450,28866,450,0.6,0.409736679,0.560259179,0.168080185,0,0,0,0,0,0
"178",9677,565,550,24,24,5456,4720,5265,0.819,-0.74,0.977,0.82,-0.915,0.95,0.255460589,14,14766,500,14766,500,0,0.440714895,0.585062241,0.687943262,0,15.9,17.3,14.7,14.9,0
"179",8431,630,660,28,15,10399,8141,9379,0.819,-0.74,0.977,0.82,-0.915,0.95,0.288607087,18,9332,1678,24656,1678,0.692,0.331436816,0.757804542,0.365145884,4860.481404,15.9,17.3,14.7,14.9,0
"180",9182,590,580,24,16,9214,7939,8677,0.819,-0.74,0.977,0.82,-0.915,0.95,0.38670125,17,9636,50,12878,50,0,0.47734492,0.842063175,0.377492877,971.666871,15.2,23.3,17.2,18.4,0
"181",9527,0,0,0,21,8902,8064,8509,0.819,-0.74,0.977,0.82,-0.915,0.95,0.314285714,10,44670,1000,44670,1000,0.6,0.224420674,0.555282005,0.245465538,170.5015385,0,0,0,0,0
"182",9205,580,580,25,16,9392,7650,8482,0.819,-0.74,0.977,0.82,-0.915,0.95,0.267009208,21,10012,0,17972,0,0,0.359291232,0.843844961,0.313956052,593.7661865,0,0,0,0,0
"183",9810,540,530,25,19,6436,5845,6203,0.819,-0.74,0.977,0.82,-0.915,0.95,0.177282378,14,15845,250,15845,250,0,0.557305952,0.759803922,0.401290323,0,0,0,0,0,0
"184",9725,520,540,24,18,6839,6878,6857,0.819,-0.74,0.977,0.82,-0.915,0.95,0.312797714,15,28900,530,28900,530,0.846,0.653867848,0.46568839,0.211306766,0,17,14.8,13.6,13.7,0
"185",8585,610,620,26,19,7247,6922,7066,0.819,-0.74,0.977,0.82,-0.915,0.95,0.193171332,10,31424,200,31424,200,0.5,0.591486083,0.753095975,0.289311408,0,0,0,0,0,0
"186",8350,0,0,0,24,3199,0,3199,0.819,-0.74,0.977,0.82,-0.915,0.95,0,12,9800,100,9800,100,0,0.306940121,0.8,1,0,0,0,0,0,0
"187",8449,580,590,25,20,6476,5783,5901,0.819,-0.74,0.977,0.82,-0.915,0.95,0.350560399,6,27420,280,27420,280,0,0.579467313,0.655080214,0.375510204,0,0,0,0,0,0
"188",8471,650,670,30,21,8695,7858,8279,0.819,-0.74,0.977,0.82,-0.915,0.95,0.288391225,11,42920,430,42920,430,0.4,0.305021655,0.590867746,0.16841133,493.7541133,0,0,0,0,0
"189",8692,540,550,25,22,5429,4614,5080,1.167,-0.051,1.241,1.091,0.075,1.157,0.353672316,15,21930,1250,21930,1250,0,0.697147075,0.626981059,0.115906289,0,0,0,0,0,0
"190",9055,590,570,25,16,8751,7379,8121,-0.699,-1.169,0.682,-0.52,-0.889,0.845,0.371515768,19,6525,1269,22050,1269,0.25,0.373963089,0.693328852,0.398448861,1297.344278,20.4,12.6,11.7,12,0
"191",8633,600,580,24,19,6809,6103,6444,-0.699,-1.169,0.682,-0.52,-0.889,0.845,0.287781979,17,7560,1545,20655,1545,0.545,0.320384109,0.887426394,0.341530055,243.4733342,0,0,0,0,0
"192",8620,580,570,27,18,6876,6678,6770,0.376,-0.658,0.679,0.303,-0.743,0.54,0.297681376,14,31000,1350,31000,1350,0,0.619018734,0.796463506,0.192725555,0,0,0,0,0,0
"193",8365,530,540,22,18,9243,8354,8880,0.376,-0.658,0.679,0.303,-0.743,0.54,0.183287206,21,6820,2094,17050,2314,0.846,0.424305215,0.878124067,0.246173035,49.90206232,0,0,0,0,0
"194",9592,0,0,0,10,5859,4207,4401,0.376,-0.658,0.679,0.303,-0.743,0.54,0.212446352,30,15300,0,15300,0,0,0.784198902,0.883116883,0.341503268,0,18.9,13.5,13.3,12.7,0
"195",8704,570,550,23,22,7810,6915,7163,0.376,-0.658,0.679,0.303,-0.743,0.54,0.339552239,10,33904,600,33904,600,0,0.636116173,0.523274478,0.260736196,0,15.4,25.8,15.7,16.3,0
"196",9928,520,530,22,18,9646,9081,9371,0.376,-0.658,0.679,0.303,-0.743,0.54,0.355016679,23,6820,2556,17050,2776,0.545,0.471565385,0.814648997,0.282699494,42.24903772,0,0,0,0,0
"197",9155,560,570,25,18,7649,7096,7390,0.376,-0.658,0.679,0.303,-0.743,0.54,0.235911148,13,28595,608,28595,608,0.8,0.667440474,0.776665853,0.186989315,237.3508844,16.9,17.7,15.8,14.8,0
"198",8845,659,645,29,22,6786,6388,6649,0.376,-0.658,0.679,0.303,-0.743,0.54,0.150226244,13,25220,0,25220,0,0.3,0.60485576,0.710577547,0.287671233,0,0,0,0,0,0
"199",9146,520,540,23,19,6724,6750,6741,0.376,-0.658,0.679,0.303,-0.743,0.54,0.367209632,13,29860,600,29860,600,0,0.627342867,0.763779528,0.266752577,0,0,0,0,0,0
"200",9801,550,550,24,18,9829,8718,9217,0.376,-0.658,0.679,0.303,-0.743,0.54,0.417527849,12,39200,600,39200,600,0,0.681639939,0.782277605,0.204867257,56.64796672,17.5,20.1,15.4,15.2,0
"201",9138,670,740,32,16,13351,11176,12676,0.376,-0.658,0.679,0.303,-0.743,0.54,0.393547527,10,44520,370,44520,370,0.273,0.34236295,0.342685893,0.329277567,5323.956806,17,17.1,13.4,12.5,0
"202",8399,470,470,21,18,7273,6646,7016,0.376,-0.658,0.679,0.303,-0.743,0.54,0.984945427,16,7160,2668,11836,3378,0.1,0.378398067,0.271638331,0.226173542,533.716974,0,0,0,0,0
"203",8733,550,560,23,18,9828,9545,9696,0.376,-0.658,0.679,0.303,-0.743,0.54,0.208628659,21,7920,2348,21300,2568,0.091,0.374465923,0.687095731,0.319369263,76.79804828,0,0,0,0,0
"204",9425,580,590,26,19,7390,7116,7227,0.376,-0.658,0.679,0.303,-0.743,0.54,0.056434599,13,27470,1540,27470,1540,0.1,0.700788673,0.714634146,0.305119454,0,0,0,0,0,0
"205",9045,0,0,0,21,9284,7676,8467,0.376,-0.658,0.679,0.303,-0.743,0.54,0.250670755,11,43860,285,43860,285,0.818,0.492802261,0.528001697,0.236641221,143.7251821,15.4,25.8,15.7,16.3,0
"206",8669,0,0,0,10,2892,2758,2888,0.376,-0.658,0.679,0.303,-0.743,0.54,0.164333088,21,0,0,0,0,0,0.536316997,1,0.734793187,0,0,0,0,0,0
"207",9028,560,610,26,20,9303,7647,8710,0.376,-0.658,0.679,0.303,-0.743,0.54,0.181383705,15,13658,930,20890,930,0,0,0.867044894,0.337411095,0,16.9,17.7,15.8,14.8,0
"208",8337,480,490,23,22,7844,6437,6835,0.376,-0.658,0.679,0.303,-0.743,0.54,0.170437406,11,12474,858,19030,858,0,0,0.671641791,0.585185185,0,0,0,0,0,0
"209",9812,530,560,25,22,8537,7645,8110,0.376,-0.658,0.679,0.303,-0.743,0.54,0.278971354,17,13658,930,20890,930,0,0,0.886572143,0.402163688,0,12.9,33.7,18.2,20.1,0
"210",9975,0,0,0,10,1889,1890,1890,0.376,-0.658,0.679,0.303,-0.743,0.54,0.127604167,15,18500,2500,18500,2500,0,0.511107218,0.886554622,0.696682464,0,0,0,0,0,0
"211",9843,530,520,26,22,6224,5199,5893,0.376,-0.658,0.679,0.303,-0.743,0.54,0.452123231,12,18644,1750,18644,1750,0,0.360293683,0.930434783,0.348130841,0,0,0,0,0,0
"212",8488,428,438,20,-3,4764,4594,4683,0.376,-0.658,0.679,0.303,-0.743,0.54,0.633440514,14,23856,1610,23856,1610,0,0,0.967263743,0.118135377,0,0,0,0,0,0
"213",8886,0,0,0,21,8239,7106,7698,0.376,-0.658,0.679,0.303,-0.743,0.54,0.184750733,11,40722,560,40722,560,0.833,0.415367651,0.416549197,0.135025381,74.48607038,0,0,0,0,0
"214",9384,540,550,25,18,6975,6998,6986,0.376,-0.658,0.679,0.303,-0.743,0.54,0.076281287,13,20890,400,20890,400,0.727,0.515305325,0.835635359,0.276859504,0,0,0,0,0,0
"215",8547,540,550,24,22,6654,6382,6512,0.376,-0.658,0.679,0.303,-0.743,0.54,0.397374702,9,23745,635,23745,635,0,0.218161056,0.312834225,0.461538462,0,0,0,0,0,0
"216",8823,608,590,26,24,4221,4125,4185,0.776,-0.524,0.926,0.505,-0.409,0.92,0.22002113,12,13570,650,13570,650,0,0.287008311,0.810114504,0.723203769,282.7538299,0,0,0,0,0
"217",9383,0,0,0,18,5492,4992,5282,0.776,-0.524,0.926,0.505,-0.409,0.92,0.580055622,18,22350,600,22350,600,0,0.673916601,0.631386861,0.368015414,0,0,0,0,0,0
"218",9463,590,550,25,19,6184,6172,6176,0.776,-0.524,0.926,0.505,-0.409,0.92,0.495451365,11,26900,450,26900,450,0,0.542363455,0.79047619,0.409638554,0,15.9,20.8,13.6,13.8,0
"219",9226,590,560,25,19,6726,6000,6278,0.776,-0.524,0.926,0.505,-0.409,0.92,0.60638846,11,15500,1000,15500,1000,0,0.430823437,0.534842168,0.263919822,14.22539928,0,0,0,0,0
"220",9310,430,440,17,11,6267,5770,6004,0.776,-0.524,0.926,0.505,-0.409,0.92,0.6685633,18,6294,392,15738,392,0,0.170738133,0.711610487,0.742105263,6.13940256,0,0,0,0,0
"221",9034,440,610,25,16,8035,6566,7406,0.623,-0.392,0.672,0.649,-0.384,0.706,0.180346573,17,4164,3858,6246,4548,0.167,0.298982793,0.888198758,0.396376351,1156.791557,0,0,0,0,0
"222",9705,630,630,29,18,9309,8112,8696,0.858,-0.63,0.96,0.94,-0.366,1.029,0.192861953,13,27320,1340,27320,1340,0,0.727558961,0.827184466,0.297268459,0,12.3,17.2,13.9,14.4,0
"223",8518,600,580,26,22,5197,5472,5271,0.858,-0.63,0.96,0.94,-0.366,1.029,0.183683206,15,22200,0,22200,0,0,0.64444872,0.484210526,0.510869565,0,0,0,0,0,0
"224",9053,570,583,26,22,5737,5425,5567,0.858,-0.63,0.96,0.94,-0.366,1.029,0.243499794,11,23300,1160,23300,1160,0.7,0.523887826,0.62397541,0.161247947,0,0,0,0,0,0
"225",8799,450,470,17,21,5063,4467,4817,0.858,-0.63,0.96,0.94,-0.366,1.029,1,15,8980,800,8980,800,0.111,0.547421189,0.432728518,0.123417722,0,0,0,0,0,0
"226",9690,410,410,17,22,4815,4771,4791,0.858,-0.63,0.96,0.94,-0.366,1.029,0.996118012,13,10460,220,10460,220,0,0.499857101,0.521472393,0.62745098,0,9.6,22.6,16.2,17,0
"227",9564,590,540,27,19,5770,6033,5854,0.858,-0.63,0.96,0.94,-0.366,1.029,0.254431513,17,13680,600,13680,600,0,0.607435489,0.890544413,0.486486486,0,0,0,0,0,0
"228",9073,550,540,26,21,6718,6110,6391,0.858,-0.63,0.96,0.94,-0.366,1.029,0.186931348,13,31018,736,31018,736,0.7,0.397059711,0.708251473,0.231622746,0,0,0,0,0,0
"229",8502,690,690,31,21,8627,7455,8062,0.858,-0.63,0.96,0.94,-0.366,1.029,0.26450116,11,41262,310,41262,310,0.8,0.307305724,0.599940863,0.249876787,0,9.6,22.6,16.2,17,0
"230",8328,0,0,0,21,9623,8567,9211,0.858,-0.63,0.96,0.94,-0.366,1.029,0.167806418,10,34930,272,34930,272,0.2,0.284419581,0.646960027,0.241952233,199.6422935,0,0,0,0,0
"231",9888,500,520,24,20,4933,4674,4798,0.858,-0.63,0.96,0.94,-0.366,1.029,0.223195661,15,22670,0,22670,0,0.545,0.544059641,0.719353567,0.157260274,0,0,0,0,0,0
"232",9814,556,585,28,24,4104,4287,4159,1.042,-1.077,1.307,0.828,-0.843,1.28,0.514044944,11,14592,900,14592,900,0,0.565410777,0.37962963,0.495934959,0,15.2,31.6,11.9,13.8,0
"233",9473,470,485,22,18,8809,7851,8395,1.042,-1.077,1.307,0.828,-0.843,1.28,0.333903378,15,4569,1550,13745,1550,0.615,0.171366276,0.475475475,0.366315789,111.4591706,0,0,0,0,0
"234",8384,490,520,20,18,8452,7364,7925,1.042,-1.077,1.307,0.828,-0.843,1.28,0.978691372,21,3731,2622,12507,2622,0,0.17341281,0.467010996,0.322154834,406.5775333,13.6,44.2,12.5,17,0
"235",9106,510,520,22,17,6472,6418,6437,1.042,-1.077,1.307,0.828,-0.843,1.28,0.770705726,16,23868,728,23868,728,0,0.762860031,0.495195861,0.133208955,0,15.7,30.2,10.8,12.9,0
"236",9954,620,590,27,18,8544,7723,8140,1.042,-1.077,1.307,0.828,-0.843,1.28,0.555219936,13,36150,400,36150,400,0,0.728534546,0.78363102,0.233987305,0,18.9,20.9,9.6,10.2,0
"237",9462,550,550,23,17,8040,6495,7338,1.042,-1.077,1.307,0.828,-0.843,1.28,0.432189656,21,4896,2398,13584,2398,0.688,0.383633916,0.736675749,0.376091138,214.4340418,0,0,0,0,0
"238",8532,530,560,24,22,6130,5748,5958,1.042,-1.077,1.307,0.828,-0.843,1.28,0.369863014,14,22760,1600,22760,1600,0,0.395930641,0.935278031,0.266081871,0,0,0,0,0,0
"239",9366,630,630,28,21,8555,7557,8078,1.042,-1.077,1.307,0.828,-0.843,1.28,0.333541927,12,36120,0,36120,0,0.111,0.314360083,0.485230857,0.225768322,118.1107635,0,0,0,0,0
"240",9185,568,610,26,16,9786,7428,8946,1.042,-1.077,1.307,0.828,-0.843,1.28,0.563686195,26,8878,0,18102,0,0,0.382707878,0.613958028,0.431478537,1435.067509,15.3,24.1,10.6,11.5,0
"241",9104,690,720,32,15,12374,9301,11172,1.042,-1.077,1.307,0.828,-0.843,1.28,0.516715427,17,9830,0,34836,0,0.462,0.136265352,0.396570839,0.473636305,9153.229057,18.9,20.9,9.6,10.2,0
"242",9778,560,590,25,18,8016,6903,7379,1.042,-1.077,1.307,0.828,-0.843,1.28,0.372791143,21,5370,1942,16230,1942,0,0.197798506,0.83580705,0.385682575,178.4907388,15.4,24.7,11.6,12.6,0
"243",8748,630,650,30,17,11630,8611,10265,1.042,-1.077,1.307,0.828,-0.843,1.28,0.277714394,13,38510,90,38510,90,0.923,0.403204755,0.488695754,0.227229031,1007.130633,15.3,27,11.4,13,0
"244",9870,690,680,31,16,10310,8340,9911,0.748,-0.891,0.84,0.853,-0.777,0.901,0.171308202,18,5000,0,5000,0,0.615,0.12729808,0.470030691,0.782024198,1212.125951,7.1,18.6,11.3,11.8,0
"245",8318,0,0,0,21,6126,5891,6040,-0.812,-1.003,0.455,-0.748,-0.969,0.225,0.364617044,14,32594,1142,32594,1142,0,0.528891354,0.683453237,0.198496241,412.6256742,0,0,0,0,0
"246",8989,0,0,0,21,8801,7943,8421,-0.812,-1.003,0.455,-0.748,-0.969,0.225,0.14423676,12,39050,325,39050,325,0,0.59860764,0.804605722,0.165943914,411.7825545,0,0,0,0,0
"247",8688,570,570,27,21,6455,6095,6299,0.608,-0.888,0.695,-0.354,-0.847,0.891,0.2167979,15,29750,630,29750,630,0.8,0.369101385,0.478197439,0.165423729,0,0,0,0,0,0
"248",8563,565,550,25,21,6627,5964,6341,0.608,-0.888,0.695,-0.354,-0.847,0.891,0.212031558,11,30126,200,30126,200,0.8,0.203704502,0.717199184,0.269194313,354.3234714,0,0,0,0,0
"249",8557,560,570,26,21,6137,5835,5973,0.608,-0.888,0.695,-0.354,-0.847,0.891,0.240511915,10,30660,140,30660,140,0,0.546032431,0.604382228,0.241691843,103.548985,0,0,0,0,0
"250",8880,530,520,23,21,6939,6723,6844,0.608,-0.888,0.695,-0.354,-0.847,0.891,0.214245495,12,4862,4006,19864,4638,0,0.185873679,0.688230009,0.403394256,14.94679054,0,0,0,0,0
"251",8466,630,620,28,21,8050,6461,7655,0.608,-0.888,0.695,-0.354,-0.847,0.891,0.167708926,11,7498,8020,29554,8020,0.167,0.263919034,0.444007859,0.513274336,213.8169414,0,0,0,0,0
"252",9535,460,460,19,20,7648,6990,7362,0.608,-0.888,0.695,-0.354,-0.847,0.891,0.966079793,14,4876,3126,14132,3706,0.769,0.194959586,0.8006078,0.191269507,1275.684542,0,0,0,0,0
"253",9427,430,430,18,22,4663,5582,5160,0.608,-0.888,0.695,-0.354,-0.847,0.891,0.98459168,14,13614,1316,13614,1316,0.7,0.498919065,0.238898314,0.176274018,0,15,19.8,12.5,13.4,0
"254",9440,550,550,25,21,8076,7413,7759,0.608,-0.888,0.695,-0.354,-0.847,0.891,0.419188667,13,32636,650,32636,650,0,0.609045133,0.890444015,0.220054201,0,16.2,17.9,11.9,12.5,0
"255",9078,530,540,23,18,8219,7323,7820,-0.858,-1.248,0.997,-0.011,-1.264,0.988,0.345775794,21,7372,600,20466,600,0.786,0.401512215,0.743934229,0.442587601,63.93626003,0,0,0,0,0
"256",8454,610,600,27,18,8842,7833,8375,-0.858,-1.248,0.997,-0.011,-1.264,0.988,0.251538926,19,8088,877,19530,877,0,0.412645725,0.845665051,0.35481406,393.1516596,18.3,12.1,12.1,12.3,0
"257",8474,538,550,23,22,5912,6389,6237,-0.012,-0.332,0.85,-0.188,-0.263,0.742,0.419763514,15,18600,200,18600,200,0.727,0.566379339,0.60772244,0.308471455,22.39400338,11.8,11.4,14.1,14.5,0
"258",8340,520,540,24,22,6020,6163,6084,-0.012,-0.332,0.85,-0.188,-0.263,0.742,0.123652695,15,6422,158,14118,158,0.929,0.172482339,0.377570093,0.576732673,50.03263473,0,0,0,0,0
"259",8835,560,580,26,16,10262,8317,9459,-0.012,-0.332,0.85,-0.188,-0.263,0.742,0.196572975,21,6960,0,20242,0,0.538,0.363027421,0.85785696,0.363663529,4585.284443,0,0,0,0,0
"260",9998,0,0,0,22,4509,4029,4365,0.713,-1.179,0.835,0.656,-1.138,0.81,0.151468315,14,12370,1140,12370,1140,0,0.674845192,0.75942029,0.736641221,0,0,0,0,0,0
"261",9868,550,570,25,18,7589,6789,7211,0.713,-1.179,0.835,0.656,-1.138,0.81,0.153940531,21,6519,1081,14092,1081,1,0.433057516,0.817932923,0.45,72.86670035,0,0,0,0,0
"262",9875,530,580,26,21,6298,5481,5976,0.713,-1.179,0.835,0.656,-1.138,0.81,0.203592814,12,25810,150,25810,150,0.7,0.416674707,0.643249177,0.375426621,20.38855622,19.8,19.1,13.8,15.1,0
"263",8484,0,0,26,18,6649,5995,6402,0.713,-1.179,0.835,0.656,-1.138,0.81,0.111065699,21,6418,1073,13991,1073,0.7,0.388820801,0.944018187,0.513245033,107.3712067,0,0,0,0,0
"264",9409,0,0,0,19,2683,2589,2618,0,0,0,0,0,0,1,18,5618,950,5618,950,0,0.842607868,0.504173623,0.867549669,0,0,0,0,0,0
"265",9547,0,0,0,1,2583,2765,2678,0,0,0,0,0,0,1,18,1080,25,1080,25,0,0,0.98245614,0.915178571,0,0,0,0,0,0
"266",9508,0,0,0,22,4347,3985,4137,0,0,0,0,0,0,0.998435667,29,4472,542,4472,542,0,0,0.456456456,0.972039474,0,0,0,0,0,0
"267",9453,0,0,0,22,4356,4374,4367,0,0,0,0,0,0,0.99878401,34,4272,594,4272,594,0,0,0.66259542,0.904761905,0,0,0,0,0,0
"268",9434,0,0,0,24,3117,0,3117,0.541,-1.008,0.752,0.641,-1.443,0.774,0,13,6100,100,6100,100,0,0.304998223,0.833333333,1,0,0,0,0,0,0
"269",8414,0,0,0,10,4326,4326,4326,-1.146,-1.651,1.541,-1.41,-1.656,1.482,0.596244131,15,28965,965,28965,965,0,0,0.586666667,0.761363636,0,17.3,14.8,11,11,0
"270",9866,540,550,23,19,10276,8126,9103,-0.858,-1.248,0.997,-0.011,-1.264,0.988,0.51052236,16,11305,957,32424,957,0,0,0.845151954,0.372431507,0,16.9,14.1,12.7,13.1,0
"271",8477,600,590,27,-3,10151,7356,8582,0.746,-1.429,1.263,0.597,-1.449,1.02,0.433349034,13,9138,673,22639,673,0,0,0.777950311,0.341317365,0,14.7,20.5,13,13.5,0
"272",9763,0,0,0,10,6691,6836,6821,-1.146,-1.651,1.541,-1.41,-1.656,1.482,0.743127962,25,0,0,0,0,0,0,1,0.594594595,0,14.1,15.7,10.3,10.7,0
"273",8573,0,0,0,20,9068,8317,8686,-1.146,-1.651,1.541,-1.41,-1.656,1.482,0.618362635,22,5472,1049,16632,1049,0,0.174523711,0.72406132,0.147591286,390.4425502,0,0,0,0,0
"274",8309,760,790,34,27,10914,10087,10552,0,0,0,0,0,0,0.48787062,8,43500,525,43500,525,0,0.079521738,0.120040692,0.669491525,6884.097035,0,0,0,0,0
"275",9799,0,0,0,23,2400,2475,2455,0,0,0,0,0,0,1,26,6120,375,6120,375,0,0,0.983164983,0.484589041,0,0,0,0,0,0
"276",9995,590,590,26,-3,9613,8120,8671,0.746,-1.429,1.263,0.597,-1.449,1.02,0.434449035,24,9454,673,23830,673,0,0,0.788624612,0.302648833,0,14.5,22.2,13.1,13.8,0
"277",9599,640,580,27,21,8410,10773,9023,-1.077,-1.387,-0.023,-0.754,-1.599,0.046,0.228893058,16,31900,400,31900,400,0,0.290998447,0.703857049,0.044582043,0,15.5,18.3,12.6,13.1,0
"278",9607,0,0,0,26,7416,7069,7110,-0.217,-0.833,0.396,-0.429,-0.703,0.433,0.543025027,35,17160,600,17160,600,0,0,0.6,0.944444444,0,0,0,0,0,0
"279",8718,0,0,0,26,5924,6060,6053,0.819,-0.74,0.977,0.82,-0.915,0.95,0.272458045,12,17160,600,17160,600,0,0,0.870967742,0.740740741,0,17,14.8,13.6,13.7,0
"280",8969,0,0,0,21,6088,0,6088,-1.146,-1.651,1.541,-1.41,-1.656,1.482,0.25,11,24880,800,24880,800,0,0.376537875,0.445454545,0.591836735,0,16,15.3,10.5,11.2,0
"281",9511,0,0,0,-3,6597,5124,5544,-0.608,-0.693,0.765,-0.463,-0.652,0.647,0.64037123,30,0,0,0,0,0,0,1,0.553571429,0,15.9,22.6,12.4,13.5,0
"282",8867,0,0,0,-3,6940,8003,7715,-1.146,-1.651,1.541,-1.41,-1.656,1.482,0.766464032,17,32450,141,32450,141,0,0,0.166666667,0.538461538,0,16.3,22.1,12.5,13.4,0
"283",9717,0,0,0,-3,6718,7649,7553,-1.146,-1.651,1.541,-1.41,-1.656,1.482,0.685967302,18,32450,141,32450,141,0,0,0.277777778,0.8,0,15.5,24.6,13.6,15.5,0
"284",9923,0,0,0,-3,4143,5695,5473,0.713,-1.179,0.835,0.656,-1.138,0.81,0.343137255,16,12020,770,12020,770,0,0.99296395,1,0.672413793,0,22.3,14.4,12.1,12.7,0
"285",9154,0,0,0,-3,5993,5736,5761,1.162,-0.901,1.381,1.086,-0.861,1.206,0.207352941,12,17160,600,17160,600,0,0,0.571428571,0.5,0,14.9,19.3,14,15.6,0
"286",9752,0,0,0,-3,3399,1845,2981,1.042,-1.077,1.307,0.828,-0.843,1.28,0.992307692,5,1200,900,1200,900,0,0.091942195,0.846153846,1,0,14.3,39.5,11.2,14.2,0
"287",9033,0,0,0,-3,6194,0,6194,1.042,-1.077,1.307,0.828,-0.843,1.28,0.420054201,12,7200,670,7200,670,0,0.247075523,1,1,0,15.2,31.6,11.9,13.8,0
"288",8915,0,0,0,-3,6309,6080,6103,0.809,-0.774,0.926,0.855,-0.791,0.958,0.786885246,11,17160,600,17160,600,0,0,0.545454545,0.5,0,14.1,19.7,12,12.8,0
"289",9808,0,0,0,-3,5818,0,5818,-0.921,-1.132,0.834,-0.831,-1.104,0.748,0.040816327,9,11750,250,11750,250,0,0.731236217,0.96,1,0,13.9,14.7,14,13.5,0
"290",9514,0,0,0,-3,1073,0,1073,-1.077,-1.387,-0.023,-0.754,-1.599,0.046,0,14,8350,0,8350,0,0,0.911883297,1,1,0,0,0,0,0,0
"291",9065,0,0,0,-3,2067,0,2067,-0.897,-0.995,0.024,-0.856,-0.941,0.035,0.023809524,12,11000,0,11000,0,0,0.307607565,1,1,0,0,0,0,0,0
"292",9509,0,0,0,-3,7377,6909,7160,0.746,-1.429,1.263,0.597,-1.449,1.02,0.447063866,11,17052,80,17052,80,0,0,0.865771812,0.76744186,0,14.5,22.2,13.1,13.8,0
"293",9472,0,0,0,-3,6675,6137,6600,-1.146,-1.651,1.541,-1.41,-1.656,1.482,0.75527887,16,17052,80,17052,80,0,0,0.820359281,0.729927007,0,14.5,28.6,13.8,16.4,0
"294",8777,0,0,0,-3,6963,6586,6834,0.809,-0.774,0.926,0.855,-0.791,0.958,0.791098226,18,17052,80,17052,80,0,0,0.754010695,0.872340426,0,0,0,0,0,0
"295",9515,0,0,0,-3,6640,5933,6447,1.162,-0.901,1.381,1.086,-0.861,1.206,0.417973462,11,17052,80,17052,80,0,0,0.76,0.807017544,0,14.7,17.7,12.6,13.7,0
"296",9980,0,0,0,-3,5350,5152,5284,-0.608,-0.693,0.765,-0.463,-0.652,0.647,0.580141844,19,17052,80,17052,80,0,0,0.714285714,1,0,17.6,14.2,10.6,10.5,0
"297",8713,0,0,0,-3,7699,7535,7654,-0.897,-0.995,0.024,-0.856,-0.941,0.035,0.653117601,10,17052,80,17052,80,0,0,0.885620915,0.671586716,0,0,0,0,0,0
