NUID,SATREAD,SATMATH,ACTCUM,CARNIGIE,AVGSALMALE,AVGSALWOM,AVGSALTOT,HOUSE,HDEM,HREP,SENATE,SDEM,SREP,PERNWHT,STUFACR,TUITINS,FEEINS,TUITOUT,FEEOUT,FOOTBALL,TUITPER,SLCTVTY,APPEAL,RSRCHPSTU,HIGHBP,CHGENROL,FRACDEGRE,RETPCNT
9219,650,680,30,15,10556,8036,9514,0.805,-0.461,0.877,1.072,-0.818,1.117,0.313344201,16,9128,0,20622,0,NA,0.27864359,0.811970979,0.38644825,8527.084304,36.3,NA,NA,NA
8874,NA,NA,NA,22,5482,5740,5605,0.805,-0.461,0.877,1.072,-0.818,1.117,0.977346278,22,9920,200,9920,200,NA,0.357640059,0.403397028,0.2125,0,NA,NA,NA,NA
9774,550,550,26,18,7199,6362,6795,0.805,-0.461,0.877,1.072,-0.818,1.117,0.322340008,18,9000,300,18000,300,0.867,0.377216403,0.666450567,0.510214008,324.7491166,NA,NA,NA,NA
8377,510,520,23,22,5565,6947,6086,0.805,-0.461,0.877,1.072,-0.818,1.117,0.993055556,14,18560,1455,18560,1455,0.769,0.299027439,0.529552397,0.149235014,7736.107955,NA,NA,NA,NA
9424,570,545,26,20,5297,5578,5458,0.527,-0.478,0.814,0.634,-0.738,0.807,0.467455621,8,19500,110,19500,110,NA,0.380147006,0.389127325,0.180147059,1518.977515,29.2,NA,NA,NA
8360,NA,NA,NA,-3,NA,4314,4314,NA,NA,NA,NA,NA,NA,0.635181976,37,NA,NA,NA,NA,NA,NA,0.986111111,0.549295775,0,28.4,NA,NA,NA
9577,630,640,28,15,12167,9133,10941,NA,NA,NA,NA,NA,NA,0.485631262,23,9484,674,24784,674,0.462,0.482226809,0.829078014,0.396730349,4965.504332,27.7,NA,NA,NA
8369,560,550,23,22,4906,5652,5155,NA,NA,NA,NA,NA,NA,0.397342995,16,22230,880,22230,880,NA,0.313266161,0.512345679,0.485943775,0,29.7,NA,NA,NA
9317,680,660,32,21,7791,6918,7401,0.954,0.039,1.111,0.904,0.179,1.015,0.236842105,11,40520,350,40520,350,0.727,0.23657921,0.823803967,0.279745042,608.1929825,NA,NA,NA,NA
8412,660,625,30,22,6845,6059,6635,0.954,0.039,1.111,0.904,0.179,1.015,0.234403953,15,23398,1070,23398,1070,NA,0.447204162,0.737564322,0.41627907,54.72606547,NA,NA,NA,NA
8572,NA,NA,NA,9,6650,7760,7482,-1.115,-1.669,1.423,-1.449,-1.582,1.427,0.615384615,13,29900,750,29900,750,NA,0.974281689,0.155672823,0.488135593,0,28.5,NA,NA,NA
9925,800,800,35,15,19141,16643,18636,-1.115,-1.669,1.423,-1.449,-1.582,1.427,0.660198361,3,43710,1680,43710,1680,NA,0.01627803,0.088072548,0.420593368,108959.4653,25.9,NA,NA,NA
9122,NA,NA,NA,18,8474,8272,8378,-1.115,-1.669,1.423,-1.449,-1.582,1.427,0.722643443,22,5472,1232,16632,1232,NA,0.234290186,0.706256179,0.25394921,131.7654713,29.2,NA,NA,NA
9621,550,560,24,18,9020,8359,8733,-1.115,-1.669,1.423,-1.449,-1.582,1.427,0.512710483,25,5472,1550,16632,1550,NA,0.283475402,0.634490334,0.186898414,71.99891363,28.2,NA,NA,NA
9207,680,770,33,15,15156,11627,14032,-1.115,-1.669,1.423,-1.449,-1.582,1.427,0.748611968,19,11220,2310,35928,2310,NA,NA,0.337364369,0.200949307,27843.14824,NA,NA,NA,NA
9524,560,570,25,18,7270,6537,6919,-1.115,-1.669,1.423,-1.449,-1.582,1.427,0.475972927,15,31040,650,31040,650,NA,0.801971418,0.591706539,0.180053908,0,23.2,NA,NA,NA
8876,NA,NA,NA,30,4118,3274,3586,-1.115,-1.669,1.423,-1.449,-1.582,1.427,0.649502065,20,28965,965,28965,965,NA,0.98838619,0.492600423,0.673819742,0,28.5,NA,NA,NA
9878,NA,NA,NA,10,2649,2552,2584,-1.115,-1.669,1.423,-1.449,-1.582,1.427,0.652503794,21,28965,965,28965,965,NA,NA,0.480176211,0.678899083,NA,25.5,NA,NA,NA
9486,NA,NA,NA,30,7781,9994,8247,-1.115,-1.669,1.423,-1.449,-1.582,1.427,0.536253776,12,28100,0,28100,0,NA,0.773856011,0.372670807,0.566666667,0,NA,NA,NA,NA
9244,NA,NA,NA,30,7119,7375,7186,-1.115,-1.669,1.423,-1.449,-1.582,1.427,0.726480836,9,25938,525,25938,525,NA,0.78859341,0.972222222,0.504761905,0,26.1,NA,NA,NA
8613,580,600,25,30,8222,7696,7927,-1.115,-1.669,1.423,-1.449,-1.582,1.427,0.763798701,6,39554,2760,39554,2760,NA,0.785188622,0.903638151,0.207834603,0,28.5,NA,NA,NA
8615,620,630,28,18,10046,9354,9741,-1.115,-1.669,1.423,-1.449,-1.582,1.427,0.418430884,15,31800,600,31800,600,NA,0.695586233,0.713421146,0.298902196,125.8067248,26.1,NA,NA,NA
9256,600,630,28,16,10049,8923,9532,-1.115,-1.669,1.423,-1.449,-1.582,1.427,0.653092006,28,5472,1504,16632,1504,0.786,0.373868343,0.344126264,0.257320014,118.3226915,26.1,NA,NA,NA
9042,NA,NA,NA,30,11515,10393,11176,-1.115,-1.669,1.423,-1.449,-1.582,1.427,0.620689655,7,41200,1010,41200,1010,NA,0.507336343,0.466850829,0.195266272,0,25.5,NA,NA,NA
8916,730,718,32,21,11355,11118,11220,-1.115,-1.669,1.423,-1.449,-1.582,1.427,0.509004739,10,48938,214,48938,214,NA,0.458686927,0.278989667,0.379972565,0,NA,NA,NA,NA
9594,560,560,24,21,6323,6022,6205,-1.115,-1.669,1.423,-1.449,-1.582,1.427,0.35282392,9,25200,0,25200,0,0.4,0.732073962,0.515248796,0.274143302,0,27.8,NA,NA,NA
9773,550,540,24,22,8378,8500,8439,-1.115,-1.669,1.423,-1.449,-1.582,1.427,0.527596846,15,29980,70,29980,70,NA,0.715313389,0.682582381,0.37044335,0,25.9,NA,NA,NA
9112,NA,NA,NA,10,6569,5292,5524,-1.106,-1.898,1.848,0.061,-1.178,1.936,0.654513889,23,NA,NA,NA,NA,NA,0.787057562,0.643564356,0.543589744,0,28.5,NA,NA,NA
8727,580,590,27,18,7388,7067,7193,-1.106,-1.898,1.848,0.061,-1.178,1.936,0.387869254,14,33110,600,33110,600,NA,0.809253352,0.657018023,0.15101136,0,25.9,NA,NA,NA
9748,580,600,27,18,12189,9665,10796,-0.953,-1.17,0.065,-1.009,-1.223,0.132,0.249711871,12,40720,1550,40720,1550,NA,0.795376371,0.737085074,0.113510289,355.6398386,NA,NA,NA,NA
9156,NA,NA,NA,18,9122,8302,8667,-0.953,-1.17,0.065,-1.009,-1.223,0.132,0.344186546,15,36920,250,36920,250,0.545,0.706908133,0.589696512,0.236263736,0,NA,NA,NA,NA
8538,510,500,22,18,9314,8684,8993,-0.953,-1.17,0.065,-1.009,-1.223,0.132,0.399267399,14,4968,4632,16078,5792,0.364,0.288793806,0.646000247,0.268651021,188.2288581,36.1,NA,NA,NA
8553,800,800,35,15,18102,13885,16516,-0.953,-1.17,0.065,-1.009,-1.223,0.132,0.56028317,6,47600,0,47600,0,0.6,0.048589756,0.067270803,0.670599803,36077.64669,36.1,NA,NA,NA
9145,NA,NA,NA,16,10083,9194,9742,NA,NA,NA,NA,NA,NA,0.455971381,7,40400,532,40400,532,0.3,0.527656299,0.785678518,0.192904185,2252.298569,31.1,NA,NA,NA
9829,640,540,22,24,4900,4605,4834,0.631,-1.083,0.733,0.37,-1.067,0.525,0.185314685,11,9600,400,9600,400,NA,0.47718512,0.52173913,0.555555556,0,NA,NA,NA,NA
9805,NA,NA,NA,19,9390,8217,9099,0.631,-1.083,0.733,0.37,-1.067,0.525,0.500916514,15,31944,1274,31944,1274,NA,0.432258214,0.689519651,0.403736542,1831.643059,NA,NA,NA,NA
8460,570,570,25,16,9199,7529,8446,0.631,-1.083,0.733,0.37,-1.067,0.525,0.543163167,23,2522,2309,14374,2902,0.25,0.295113188,0.676784249,0.323916084,611.2286849,24.2,NA,NA,NA
8946,588,560,26,22,6439,6105,6266,0.631,-1.083,0.733,0.37,-1.067,0.525,0.234744915,16,16830,0,16830,0,NA,0.653514569,0.504752852,0.233521657,0,NA,NA,NA,NA
9507,NA,NA,NA,10,3987,5415,5331,0.631,-1.083,0.733,0.37,-1.067,0.525,0.674291939,24,NA,NA,NA,NA,NA,0.739171773,0.608308605,0.502439024,0,33.7,NA,NA,NA
9672,NA,NA,NA,-3,NA,4563,4563,0.631,-1.083,0.733,0.37,-1.067,0.525,0.731578947,15,NA,NA,NA,NA,NA,0.702862784,0.74025974,0.625730994,0,32,NA,NA,NA
9261,620,670,29,17,9812,7767,9302,0.631,-1.083,0.733,0.37,-1.067,0.525,0.626025791,8,38540,750,38540,750,0.636,0.600320653,0.573578416,0.120877061,1707.451088,28.6,NA,NA,NA
8871,670,680,31,15,11911,9274,10955,0.631,-1.083,0.733,0.37,-1.067,0.525,0.452266496,20,4477,1904,25694,2965,0.714,0.131132554,0.475427789,0.495752951,11961.16868,30.9,NA,NA,NA
9526,488,528,20,22,4463,3930,4269,0.631,-1.083,0.733,0.37,-1.067,0.525,0.594626168,24,22326,2466,22326,2466,NA,0.676449727,0.526387009,0.467866324,0,NA,NA,NA,NA
8717,510,500,21,22,6603,5728,6088,0.812,-0.778,0.941,0.884,-0.862,0.949,0.569650267,18,17400,1100,17400,1100,NA,0.469757776,0.490719258,0.628841608,0,NA,NA,NA,NA
8341,470,450,20,17,7257,6620,6997,0.812,-0.778,0.941,0.884,-0.862,0.949,0.998439126,17,19880,2065,19880,2065,0.111,0.619537081,0.51201951,0.191426627,2079.837409,37.6,NA,NA,NA
8816,560,530,23,18,6854,6868,6865,0.812,-0.778,0.941,0.884,-0.862,0.949,0.535989717,11,25478,400,25478,400,NA,0.766773632,0.656196213,0.133114754,0,NA,NA,NA,NA
9785,530,510,24,20,5942,5818,5878,0.812,-0.778,0.941,0.884,-0.862,0.949,0.375343302,17,3886,1376,14142,1376,NA,0.25991325,0.716366752,0.455741627,10.30729326,NA,NA,NA,NA
9680,550,550,23,21,7371,7015,7247,0.812,-0.778,0.941,0.884,-0.862,0.949,0.999552573,12,24565,2177,24565,2177,0.5,0.341229918,0.759615385,0.344073648,1956.630425,37.6,NA,NA,NA
9164,530,520,22,22,5413,5474,5448,0.812,-0.778,0.941,0.884,-0.862,0.949,0.30955335,12,19946,320,19946,320,NA,0.61906575,0.907599309,0.278782112,0,NA,NA,NA,NA
9896,570,550,23,21,7844,7611,7678,0.812,-0.778,0.941,0.884,-0.862,0.949,0.999540863,10,22827,3561,22827,3561,NA,0.360490745,0.483270639,0.231872184,1817.021579,37.6,NA,NA,NA
9416,NA,NA,NA,22,4399,5406,5132,0.812,-0.778,0.941,0.884,-0.862,0.949,0.57930565,10,15400,1000,15400,1000,NA,0.779725938,0.432132964,0.75,0,NA,NA,NA,NA
9891,590,580,26,16,8774,7782,8410,0.878,-0.881,1.05,0.831,-0.976,0.908,0.254379562,16,5003,2017,19007,2017,0.333,0.229845369,0.720540889,0.354781055,6115.61781,NA,NA,NA,NA
9176,520,510,23,22,5938,5598,5742,0.878,-0.881,1.05,0.831,-0.976,0.908,0.165026362,14,6000,1224,17000,1224,NA,0.290374193,0.988826816,0.509416196,67.56643234,NA,NA,NA,NA
9729,530,540,25,22,5945,5452,5774,-0.235,-1.012,0.473,-0.436,-0.703,0.507,0.35814521,13,24864,224,24864,224,0.3,0.549739617,0.562861652,0.242990654,0,NA,NA,NA,NA
8778,590,670,26,15,11433,9823,10611,-0.235,-1.012,0.473,-0.436,-0.703,0.507,0.599042509,18,11546,3080,24367,3080,NA,0.125358245,0.766534729,0.290247356,8893.15307,34.1,NA,NA,NA
8581,NA,NA,26,17,8575,7177,7831,-0.235,-1.012,0.473,-0.436,-0.703,0.507,0.223879295,18,9807,2197,14157,2197,0.769,0.330403436,0.877172749,0.340909091,1061.57544,NA,NA,NA,NA
9765,570,590,26,22,7030,6999,7016,-0.235,-1.012,0.473,-0.436,-0.703,0.507,0.452351485,10,27290,880,27290,880,NA,0.580308772,0.705972435,0.338394794,0,29.5,NA,NA,NA
8357,450,380,19,23,5518,5053,5261,-0.235,-1.012,0.473,-0.436,-0.703,0.507,0.475967957,16,16700,1000,16700,1000,NA,0.526473416,0.516008935,0.535353535,0,NA,NA,NA,NA
8788,428,460,22,22,5712,5737,5726,-0.235,-1.012,0.473,-0.436,-0.703,0.507,0.229885057,14,23472,700,23472,700,0.6,0.534322742,0.626694473,0.216306156,0,NA,NA,NA,NA
9377,590,590,26,22,6074,5806,5945,-0.235,-1.012,0.473,-0.436,-0.703,0.507,0.27253843,11,29838,792,29838,792,0.2,0.541766672,0.6,0.197740113,0,34,NA,NA,NA
9284,NA,NA,27,19,8982,7791,8344,-0.235,-1.012,0.473,-0.436,-0.703,0.507,0.278825996,14,35241,180,35241,180,0.7,0.56293235,0.571643629,0.143404357,0,25.1,NA,NA,NA
9634,760,800,34,15,17213,12623,15534,-0.235,-1.012,0.473,-0.436,-0.703,0.507,0.5370948,7,48624,423,48624,423,0.769,0.262535461,0.130440197,0.481622912,16992.53761,27.6,NA,NA,NA
8941,530,600,26,18,8023,6773,7455,-0.235,-1.012,0.473,-0.436,-0.703,0.507,0.418225709,14,9405,2008,16510,2008,NA,0.27880786,0.631233596,0.278586279,293.3378093,31.2,NA,NA,NA
8966,558,615,26,18,8392,7189,7804,-0.235,-1.012,0.473,-0.436,-0.703,0.507,0.268893995,19,6930,2512,8760,2546,NA,0.267276177,0.882224506,0.30513903,671.5952928,NA,NA,NA,NA
9493,595,558,27,22,7177,6153,6630,-0.235,-1.012,0.473,-0.436,-0.703,0.507,0.337594422,11,26190,475,26190,475,NA,0.684704384,0.87688734,0.252980132,0,NA,NA,NA,NA
8440,590,560,26,17,7613,6738,7392,-0.235,-1.012,0.473,-0.436,-0.703,0.507,0.423570191,14,28260,440,28260,440,NA,0.554361214,0.663101604,0.389784946,0,NA,NA,NA,NA
8304,NA,NA,23,18,9196,7988,8658,-0.235,-1.012,0.473,-0.436,-0.703,0.507,0.356173626,14,8464,3550,12695,3550,0.538,0.238616148,0.600717109,0.234925008,466.6464503,NA,NA,NA,NA
9249,710,700,32,21,9334,8379,8998,-0.235,-1.012,0.473,-0.436,-0.703,0.507,0.278528765,11,32950,0,32950,0,0.917,0.429922565,0.705225774,0.435251799,287.2181704,NA,NA,NA,NA
9565,580,598,27,21,5934,5071,5482,0.869,-0.5,0.924,0.866,-0.432,0.92,0.310492505,10,30900,0,30900,0,NA,0.46739668,0.658720201,0.337142857,57.87259101,NA,NA,NA,NA
8398,560,570,26,22,6065,6337,6168,0.869,-0.5,0.924,0.866,-0.432,0.92,0.125,10,23976,846,23976,846,NA,0.468106019,0.839153439,0.263556116,0,NA,NA,NA,NA
8407,660,640,29,21,7776,6767,7254,0.48,-1.01,0.675,-0.819,-1.013,0.752,0.338827839,11,38475,225,38475,225,0.5,0.314263653,0.704545455,0.202346041,33.04120879,NA,NA,NA,NA
9749,630,690,28,15,11711,9227,10708,0.48,-1.01,0.675,-0.819,-1.013,0.752,0.333882071,15,6678,1426,26464,1426,0.857,0.121694174,0.807375486,0.247555619,10487.24933,26.4,NA,NA,NA
8937,540,570,26,22,6441,5985,6274,0.48,-1.01,0.675,-0.819,-1.013,0.752,0.182359952,12,29190,1438,29190,1438,0.4,0.47572145,0.9496,0.327716933,288.1430274,NA,NA,NA,NA
8826,660,580,24,18,6844,6522,6709,0.606,-0.873,0.885,0.793,-0.783,0.902,0.362644628,11,25050,315,25050,315,NA,0.866323128,0.584931507,0.37236534,0,31.8,NA,NA,NA
8847,580,590,28,18,6342,5934,6079,0.606,-0.873,0.885,0.793,-0.783,0.902,0.246390578,14,24920,1110,24920,1110,NA,0.659591032,0.562746646,0.228611501,0,31.8,NA,NA,NA
9740,550,560,25,22,5200,5153,5179,NA,NA,NA,NA,NA,NA,0.337285903,12,22450,670,22450,670,0.4,0.3602604,0.642124884,0.262699565,0,NA,NA,NA,NA
8521,NA,NA,NA,22,6478,5845,6019,NA,NA,NA,NA,NA,NA,0.247606019,15,22000,250,22000,250,NA,0.665668292,0.455919395,0.403314917,0,NA,NA,NA,NA
8589,550,550,25,18,7065,6517,6810,NA,NA,NA,NA,NA,NA,0.10225837,18,8098,0,20246,0,0.636,0.232681334,0.853927987,0.350023958,140.2890872,NA,NA,NA,NA
8653,460,470,23,21,6195,5650,5879,NA,NA,NA,NA,NA,NA,0.144609665,15,18840,0,18840,0,NA,0.682365481,1,0.130398671,13.48921933,NA,NA,NA,NA
9712,590,570,26,24,5895,4491,5821,NA,NA,NA,NA,NA,NA,0.178037383,15,16560,520,16560,520,NA,0.482116639,0.391713748,0.735576923,0,38.6,NA,NA,NA
9274,508,553,23,18,4484,4820,4616,NA,NA,NA,NA,NA,NA,0.182773109,12,22720,1280,22720,1280,0,0.620977751,0.69184742,0.23027027,0,NA,NA,NA,NA
9315,490,470,23,22,6377,5243,5696,0.526,-0.216,0.697,0.444,0.019,0.609,0.377186844,11,13200,1870,13200,1870,0.3,0.52480142,0.694444444,0.403809524,0,NA,NA,NA,NA
8352,540,610,24,19,6186,5446,5798,0.526,-0.216,0.697,0.444,0.019,0.609,0.328863516,19,4922,2426,15853,2426,0.273,0.365565905,0.902042518,0.560073937,217.6461763,NA,NA,NA,NA
9857,NA,NA,24,18,6856,5810,6267,0.526,-0.216,0.697,0.444,0.019,0.609,0.35389518,22,5278,2002,17756,2002,0.364,0.391591323,0.87950511,0.749235474,102.3414329,NA,NA,NA,NA
9915,550,500,18,24,4286,NA,4286,NA,NA,NA,NA,NA,NA,0.158878505,8,11400,1200,11400,1200,NA,0.518246172,0.923076923,0.916666667,0,30.2,NA,NA,NA
9089,NA,NA,NA,16,10526,9991,10286,NA,NA,NA,NA,NA,NA,0.499867127,10,41590,350,41590,350,NA,0.535065195,0.550652579,0.151467269,2037.204358,31.9,NA,NA,NA
8841,670,640,29,18,10066,9240,9694,NA,NA,NA,NA,NA,NA,0.373508595,13,39312,732,39312,732,NA,0.70318751,0.490252959,0.216568047,350.5302326,30.2,NA,NA,NA
8373,620,610,29,21,7168,6395,6869,NA,NA,NA,NA,NA,NA,0.240948814,13,33884,1502,33884,1502,NA,0.574185,0.93231441,0.258196721,65.13899293,NA,NA,NA,NA
8934,600,570,25,18,8118,7708,7844,NA,NA,NA,NA,NA,NA,0.368334578,10,24720,375,24720,375,NA,0.669409547,0.670961659,0.178454333,0,26.7,NA,NA,NA
8759,620,580,26,30,9814,9950,9882,NA,NA,NA,NA,NA,NA,0.450553797,9,11725,0,31225,0,NA,0.33286266,0.713275727,0.322687225,0,30.2,NA,NA,NA
9269,780,800,35,15,17577,14672,16830,NA,NA,NA,NA,NA,NA,0.672541976,3,46400,304,46400,304,0.2,0.072198791,0.082978258,0.728110599,111812.2964,26.7,NA,NA,NA
8366,NA,NA,NA,30,8866,8338,8685,NA,NA,NA,NA,NA,NA,0.640993789,5,42600,455,42600,455,NA,0.349037119,0.323931624,0.237467018,0,30.2,NA,NA,NA
9794,580,630,27,22,8415,7786,8207,NA,NA,NA,NA,NA,NA,0.386840977,15,30760,1740,30760,1740,NA,0.647695442,0.666666667,0.207526882,0,30.2,NA,NA,NA
8372,540,550,24,19,9224,8589,8910,NA,NA,NA,NA,NA,NA,0.338575499,17,970,7845,7050,7845,0.2,0.351046275,0.796108949,0.315738025,0,NA,NA,NA,NA
9227,650,670,27,21,7779,6718,7319,0.573,-1.101,0.767,0.659,-1.496,0.758,0.168984701,11,35386,420,35386,420,0.5,0.46403458,0.675675676,0.200597015,0,NA,NA,NA,NA
8955,670,670,30,21,8416,7981,8258,0.573,-1.101,0.767,0.659,-1.496,0.758,0.272316384,13,30425,235,30425,235,NA,0.545168872,0.742677824,0.332394366,912.619435,32.7,NA,NA,NA
9802,650,670,29,21,8522,7528,8053,0.573,-1.101,0.767,0.659,-1.496,0.758,0.183010107,11,30370,180,30370,180,NA,0.51131764,0.720361991,0.25,1294.084403,NA,NA,NA,NA
8456,590,630,29,18,7808,7256,7631,0.573,-1.101,0.767,0.659,-1.496,0.758,0.616227181,12,29580,720,29580,720,NA,0.796742331,0.552864462,0.294860994,272.4389452,37.3,NA,NA,NA
8737,730,770,33,15,11584,9756,10886,0.573,-1.101,0.767,0.659,-1.496,0.758,0.434031078,12,14401,328,44674,328,NA,0.147478309,0.262775836,0.447579164,17825.62278,24.6,NA,NA,NA
9786,580,680,28,15,12164,9615,11164,0.573,-1.101,0.767,0.659,-1.496,0.758,0.338787019,17,14333,0,36934,0,0.857,0.330729989,0.662804533,0.349318289,7000.462995,NA,NA,NA,NA
8389,NA,620,27,18,9606,8200,9040,0.573,-1.101,0.767,0.659,-1.496,0.758,0.358674837,15,10878,426,23094,426,0.769,0.570177533,0.622708567,0.29588465,383.5695136,32.1,NA,NA,NA
9852,530,640,24,18,8596,7761,8143,0.573,-1.101,0.767,0.659,-1.496,0.758,0.334476004,15,9573,432,19095,432,NA,0.561721242,0.735834609,0.222684703,69.73555338,41.4,NA,NA,NA
8726,580,580,24,19,8138,7270,7748,0.573,-1.101,0.767,0.659,-1.496,0.758,0.150655449,21,8952,668,14352,668,0.455,0.361718907,0.698797251,0.350626998,106.4194874,NA,NA,NA,NA
8719,500,490,21,22,4945,5201,5093,0.573,-1.101,0.767,0.659,-1.496,0.758,0.300536673,11,21610,500,21610,500,0.3,0.51528727,0.459478022,0.245142003,0,NA,NA,NA,NA
8425,675,675,27,18,7995,6951,7495,0.734,-1.16,1.047,-0.644,-0.977,0.865,0.193953587,12,33990,150,33990,150,0.5,0.641235794,0.949052907,0.423950447,0,NA,NA,NA,NA
9559,NA,NA,28,22,4537,4150,4468,0.734,-1.16,1.047,-0.644,-0.977,0.865,0.047794118,12,13570,0,13570,0,0.2,0.54194604,0.778625954,0.843137255,0,NA,NA,NA,NA
8686,NA,NA,24,18,9344,8396,8892,0.734,-1.16,1.047,-0.644,-0.977,0.865,0.245481341,23,6904,932,14648,932,0.833,0.370917259,0.666271956,0.355746445,123.3524276,NA,NA,NA,NA
9119,NA,NA,NA,19,9019,8626,8786,0.734,-1.16,1.047,-0.644,-0.977,0.865,0.446927374,17,6563,1003,13391,1003,NA,0.319245074,1,0.256302521,21.99166445,NA,NA,NA,NA
8840,650,550,27,30,6858,6576,6759,0.734,-1.16,1.047,-0.644,-0.977,0.865,0.428909953,11,34876,450,34876,450,NA,0.627555163,0.660071942,0.395095368,0,27.1,NA,NA,NA
8766,NA,NA,NA,26,6931,5672,5756,0.734,-1.16,1.047,-0.644,-0.977,0.865,0.434679335,11,12320,770,12320,770,NA,0.974185433,0.926829268,0.368421053,0,27.1,NA,NA,NA
9300,710,700,31,21,8952,8366,8685,0.734,-1.16,1.047,-0.644,-0.977,0.865,0.238034051,12,42940,0,42940,0,0.2,0.489913854,0.359661868,0.280205656,604.0321234,NA,NA,NA,NA
9137,535,550,25,22,5118,4986,5084,0.734,-1.16,1.047,-0.644,-0.977,0.865,0.246408046,18,23540,200,23540,200,0.4,0.621554665,0.529467681,0.28545781,0,NA,NA,NA,NA
8635,630,620,29,17,10645,9100,9985,0.734,-1.16,1.047,-0.644,-0.977,0.865,0.219354839,14,37264,841,37264,841,0.933,0.703835957,0.839587932,0.314417178,72.79250218,NA,NA,NA,NA
9002,480,500,20,19,6837,6421,6639,0.561,-0.397,0.821,0.789,-0.517,1.049,0.968438941,17,5109,1277,5109,1277,0.692,0.146681709,0.805647841,0.260206186,2008.8252,NA,NA,NA,NA
9432,490,660,24,20,6155,6234,6209,0.561,-0.397,0.821,0.789,-0.517,1.049,0.406784841,14,5681,100,15747,100,NA,0.219564862,0.961251863,0.381395349,200.8832518,NA,NA,NA,NA
9983,620,640,29,15,9289,6903,8371,0.561,-0.397,0.821,0.789,-0.517,1.049,0.301013914,19,7502,0,20142,0,0.692,0.198247922,0.652418448,0.427463054,7064.097309,NA,NA,NA,NA
8636,520,560,27,18,5175,5184,5180,0.561,-0.397,0.821,0.789,-0.517,1.049,0.357308585,13,10800,900,10800,900,NA,0.813601658,0.56888361,0.405010438,0,NA,NA,NA,NA
9482,575,590,26,24,4977,4412,4914,1.228,-0.989,1.4,NA,NA,NA,0.130573248,14,7500,4400,7500,4400,NA,0.323454231,0.349081365,0.406015038,0,NA,NA,NA,NA
8543,508,548,25,22,6366,5513,5908,1.228,-0.989,1.4,NA,NA,NA,0.203278689,12,21630,730,21630,730,NA,0.637101744,0.578616352,0.346618357,0,NA,NA,NA,NA
8806,NA,NA,29,24,4955,3769,4243,1.228,-0.989,1.4,NA,NA,NA,0.319148936,4,20104,200,20104,200,NA,0.518849416,1,1,0,NA,NA,NA,NA
8789,680,710,28,16,9239,7856,8601,1.228,-0.989,1.4,NA,NA,NA,0.397066706,14,8169,1384,21330,1384,NA,0.358679394,0.627145438,0.377745769,962.7525216,34.1,NA,NA,NA
9100,660,640,31,16,10837,8994,10363,1.228,-0.989,1.4,NA,NA,NA,0.341991342,19,8286,1342,24810,1342,0.5,0.387564345,0.880846325,0.470606827,2873.743005,NA,NA,NA,NA
9102,NA,NA,27,16,9118,7723,8412,1.228,-0.989,1.4,NA,NA,NA,0.309213314,17,10065,0,25512,0,NA,0.410152802,0.758757062,0.384214445,475.3025281,NA,NA,NA,NA
9000,730,680,30,19,7208,6627,6974,1.228,-0.989,1.4,NA,NA,NA,0.197048083,16,7152,304,13376,307,0.455,0.248542491,0.78974359,0.40974026,177.9639379,NA,NA,NA,NA
9656,470,630,25,18,6937,6293,6670,1.228,-0.989,1.4,NA,NA,NA,0.264235764,20,4335,2432,9391,2432,1,0.335794378,0.749450988,0.399307405,36.59652847,NA,NA,NA,NA
8487,595,665,29,26,8819,8113,8395,1.228,-0.989,1.4,NA,NA,NA,0.387073348,9,27714,1220,27714,1220,NA,0.733476553,0.680709534,0.61237785,0,NA,NA,NA,NA
8951,530,530,26,18,6157,5311,5774,1.228,-0.989,1.4,NA,NA,NA,0.320207498,15,21000,840,21000,840,0.4,0.628628377,0.904684976,0.27202381,0,NA,NA,NA,NA
9727,600,570,24,22,5853,5756,5781,1.228,-0.989,1.4,NA,NA,NA,0.269582909,10,28976,200,28976,200,NA,0.437713706,0.677868852,0.23095526,0,29.9,NA,NA,NA
9438,NA,NA,25,26,7407,6455,6576,NA,NA,NA,0.619,-0.468,0.833,0.096341463,9,13389,780,13389,780,NA,NA,0.855072464,0.779661017,70.49512195,25.9,NA,NA,NA
9215,510,550,26,21,6727,6316,6522,NA,NA,NA,0.619,-0.468,0.833,0.177015755,11,28170,620,28170,620,NA,0.371220303,0.765856237,0.227743271,0,NA,NA,NA,NA
9640,590,585,24,22,5024,4976,5008,NA,NA,NA,0.619,-0.468,0.833,0.268933539,12,19708,840,19708,840,NA,0.488178045,0.586363636,0.550387597,0,30,NA,NA,NA
9571,NA,NA,NA,19,6478,6475,6476,0.52,-0.989,0.825,0.456,-1.106,0.844,0.431198284,19,21500,640,21500,640,NA,0.579108981,0.977541608,0.088205128,0,NA,NA,NA,NA
8872,550,550,24,20,9489,8942,9217,0.52,-0.989,0.825,0.456,-1.106,0.844,0.168001526,15,10700,2528,18800,2528,NA,0.462545165,0.787627776,0.205862609,638.0177346,NA,NA,NA,NA
9220,550,550,NA,21,10120,8856,9728,0.52,-0.989,0.825,0.456,-1.106,0.844,0.296644295,13,13720,423,26990,423,NA,0.746381905,0.731707317,0.406666667,106.2697987,28.8,NA,NA,NA
9183,500,520,21,18,9460,8792,9109,-0.898,-0.998,0.022,-0.859,-0.944,0.035,0.588057269,17,7565,4016,14167,4016,0.727,0.392970218,0.742698892,0.257288136,98.76038878,NA,NA,NA,NA
8436,630,680,29,16,12058,9727,11585,-0.898,-0.998,0.022,-0.859,-0.944,0.035,0.735164217,17,13434,2674,27652,2674,NA,0.351537038,0.607609595,0.301660768,7585.48141,38.6,NA,NA,NA
8794,NA,NA,NA,33,5354,5589,5446,0.492,-1.257,0.966,-0.543,-0.885,0.938,0.860182371,7,4220,220,4220,220,NA,0.088319321,1,0.5390625,0,22.9,NA,NA,NA
8556,600,620,25,17,12779,11388,12033,-1.077,-1.469,-0.024,-0.279,-1.705,0.076,0.49409386,11,32380,1654,32380,1654,NA,0.876293498,0.721896018,0.128364389,66.53953389,NA,NA,NA,NA
9528,620,650,28,26,8431,7802,8150,-1.077,-1.469,-0.024,-0.279,-1.705,0.076,0.368454662,9,30300,781,30300,781,NA,0.742955204,0.658691063,0.200854701,2397.0447,33.5,NA,NA,NA
8783,570,580,28,18,6840,6058,6475,-1.077,-1.469,-0.024,-0.279,-1.705,0.076,0.424531907,13,25291,970,25291,970,0.727,0.29581341,0.684065934,0.182730924,1391.608712,NA,NA,NA,NA
9484,NA,NA,NA,30,8352,8020,8167,-1.077,-1.469,-0.024,-0.279,-1.705,0.076,0.605375427,17,33920,300,33920,300,NA,0.728337716,0.218362283,0.283057851,0,29,NA,NA,NA
9733,NA,NA,NA,21,11620,10288,11018,-1.077,-1.469,-0.024,-0.279,-1.705,0.076,0.434731935,10,49226,680,49226,680,NA,0.350066241,0.32169222,0.197263901,859.4261849,NA,NA,NA,NA
8367,NA,NA,NA,24,2383,NA,2383,-1.077,-1.469,-0.024,-0.279,-1.705,0.076,0,9,8250,0,8250,0,NA,0.297066572,0.5,1,0,NA,NA,NA,NA
8698,NA,NA,NA,24,2979,NA,2979,-1.077,-1.469,-0.024,-0.279,-1.705,0.076,0.10626703,35,6700,0,6700,0,NA,0.991114494,0.983870968,1,0,NA,NA,NA,NA
9648,780,790,35,15,19188,14467,17555,-1.077,-1.469,-0.024,-0.279,-1.705,0.076,0.652361092,6,50526,2474,50526,2474,0.2,0.213985838,0.066050771,0.62633306,20915.34374,29,NA,NA,NA
8913,NA,NA,NA,21,8210,7938,8090,-1.077,-1.469,-0.024,-0.279,-1.705,0.076,0.332288401,11,40630,810,40630,810,0.4,0.697298367,0.807578009,0.134314627,129.6727273,NA,NA,NA,NA
8956,745,710,32,24,8922,7749,8531,-1.077,-1.469,-0.024,-0.279,-1.705,0.076,0.088888889,5,19000,1340,19000,1340,NA,0.050677101,0.518867925,0.709090909,95.92345679,29,NA,NA,NA
8815,NA,NA,NA,24,3704,NA,3704,-1.077,-1.469,-0.024,-0.279,-1.705,0.076,0,9,8600,0,8600,0,NA,0.230836241,0.5,1,0,NA,NA,NA,NA
9417,NA,NA,NA,20,6388,5775,6067,-1.077,-1.469,-0.024,-0.279,-1.705,0.076,0.971744595,18,13248,900,13248,900,NA,0.995359445,0.452966715,0.624068158,0,NA,NA,NA,NA
9050,520,510,22,18,6615,6547,6590,-1.077,-1.469,-0.024,-0.279,-1.705,0.076,0.81874823,12,24000,300,24000,300,NA,0.668917863,0.985685072,0.495850622,0,NA,NA,NA,NA
9627,NA,NA,NA,22,5647,5323,5465,-1.077,-1.469,-0.024,-0.279,-1.705,0.076,0.13015873,14,23500,3630,23500,3630,NA,0.36986935,0.687801516,0.24749499,0,NA,NA,NA,NA
9193,NA,NA,NA,24,5058,4460,4972,-1.077,-1.469,-0.024,-0.279,-1.705,0.076,0.251082251,16,12390,1050,12390,1050,NA,0.544230692,0.43220339,0.68627451,0,NA,NA,NA,NA
8417,720,770,32,15,12839,11120,12406,-1.077,-1.469,-0.024,-0.279,-1.705,0.076,0.428407625,15,48100,1241,48100,1241,0.818,0.450109592,0.418657053,0.185548977,16036.11868,NA,NA,NA,NA
8665,590,590,26,18,6972,6247,6537,-1.077,-1.469,-0.024,-0.279,-1.705,0.076,0.303597122,13,27576,1054,27576,1054,NA,0.725494099,0.663157895,0.274376417,0,34.9,NA,NA,NA
8935,520,530,22,20,9165,8298,8676,-1.077,-1.469,-0.024,-0.279,-1.705,0.076,0.380370873,15,28240,500,28240,500,NA,0.688162702,0.788842544,0.182419035,0,NA,NA,NA,NA
8457,580,600,27,17,12767,11101,12027,-1.077,-1.469,-0.024,-0.279,-1.705,0.076,0.57603851,17,37603,810,37603,810,NA,0.699092013,0.649254559,0.138845021,306.9541808,NA,NA,NA,NA
8883,570,580,24,23,5895,5928,5905,-1.077,-1.469,-0.024,-0.279,-1.705,0.076,0.212368169,18,6470,1587,13030,1587,NA,0.164718633,0.567996743,0.37921147,11.08868648,NA,NA,NA,NA
9403,NA,NA,NA,23,6239,6017,6139,-1.077,-1.469,-0.024,-0.279,-1.705,0.076,0.419308059,17,6470,1385,13934,1385,NA,0.191218813,0.847320169,0.270079068,6.908017402,NA,NA,NA,NA
9837,500,500,22,23,6747,6284,6567,-1.077,-1.469,-0.024,-0.279,-1.705,0.076,0.250983196,19,6470,1249,16320,1249,NA,0.169206255,0.733504989,0.333918385,80.12191634,NA,NA,NA,NA
9653,680,703,31,16,9993,8447,9389,-1.077,-1.469,-0.024,-0.279,-1.705,0.076,0.47719492,20,6470,2583,19590,2583,NA,0.258125217,0.424941207,0.204534973,1706.091496,NA,NA,NA,NA
8903,610,650,29,15,11131,8988,10307,-1.077,-1.469,-0.024,-0.279,-1.705,0.076,0.5233736,13,6470,2911,21550,2911,0.417,0.250725837,0.59989843,0.255449735,4458.773562,37.4,NA,NA,NA
9265,640,660,29,17,8982,7206,8479,-1.077,-1.469,-0.024,-0.279,-1.705,0.076,0.214790195,16,6470,1378,16320,1378,NA,0.11794464,0.519456455,0.378121284,8005.529705,32.3,NA,NA,NA
8859,NA,NA,NA,18,6935,6319,6606,-1.077,-1.469,-0.024,-0.279,-1.705,0.076,0.242703727,16,6470,1580,16320,1580,0.75,0.25680202,0.50840868,0.215898986,72.89399874,NA,NA,NA,NA
9332,640,650,29,20,7703,7036,7415,-1.077,-1.469,-0.024,-0.279,-1.705,0.076,0.258770464,20,6470,1643,16320,1643,NA,0.265055374,0.72735249,0.200542823,88.95105246,NA,NA,NA,NA
8757,610,600,27,18,7555,6414,6971,-1.077,-1.469,-0.024,-0.279,-1.705,0.076,0.3923502,15,6470,1267,16320,1267,NA,0.259732467,0.415148414,0.177350427,75.94278903,NA,NA,NA,NA
9294,NA,NA,NA,24,3785,NA,3785,-1.077,-1.469,-0.024,-0.279,-1.705,0.076,0,21,9300,0,9300,0,NA,0.893549481,1,1,0,NA,NA,NA,NA
9692,NA,NA,NA,14,5240,5275,5256,-1.077,-1.469,-0.024,-0.279,-1.705,0.076,0.863057325,18,20115,900,20115,900,NA,0.999767678,0.915275995,0.295932679,0,NA,NA,NA,NA
9246,NA,NA,NA,24,4256,NA,4256,-1.077,-1.469,-0.024,-0.279,-1.705,0.076,0,11,9650,0,9650,0,NA,0.671827947,1,0.736842105,0,NA,NA,NA,NA
8515,NA,NA,NA,24,2179,NA,2179,-1.077,-1.469,-0.024,-0.279,-1.705,0.076,0.06875,6,11300,0,11300,0,NA,0.306878724,0.620689655,1,0,NA,NA,NA,NA
8833,560,570,24,17,8579,7402,8008,0.739,-0.679,0.939,0.827,-0.685,0.979,0.316325228,18,4157,2423,19731,2423,0.417,0.199994512,0.690356233,0.369365502,791.6625822,36.4,NA,NA,NA
9689,490,500,21,17,9135,8301,8808,0.739,-0.679,0.939,0.827,-0.685,0.979,0.93019802,19,3370,2602,16130,2602,0.833,0.216997727,0.604825291,0.489683631,2328.824917,35,NA,NA,NA
9254,650,680,31,15,10939,8912,10241,0.739,-0.679,0.939,0.827,-0.685,0.979,0.332413758,15,6220,2361,22571,2361,0.538,0.186373223,0.50430631,0.405049193,7968.415485,31,NA,NA,NA
9327,480,490,22,22,5551,6170,5849,0.739,-0.679,0.939,0.827,-0.685,0.979,0.690566038,15,28000,150,28000,150,0.5,0.678548898,0.55448098,0.186046512,0,NA,NA,NA,NA
9015,530,530,22,18,6085,6111,6098,0.739,-0.679,0.939,0.827,-0.685,0.979,0.501333333,12,26200,925,26200,925,NA,0.585279012,0.46527351,0.211360634,0,NA,NA,NA,NA
8317,580,570,26,19,8204,8012,8087,0.739,-0.679,0.939,0.827,-0.685,0.979,0.457062741,9,31360,1200,31360,1200,NA,0.512869793,0.671245855,0.20042343,0,33.2,NA,NA,NA
9293,490,520,22,22,5146,5162,5154,0.739,-0.679,0.939,0.827,-0.685,0.979,0.407079646,14,24390,0,24390,0,NA,0.273104871,0.573184358,0.280701754,0,NA,NA,NA,NA
9880,580,560,23,22,6001,5668,5867,0.799,-0.789,0.962,0.824,-0.879,0.939,0.149088025,12,29718,450,29718,450,0.6,0.459070937,0.535714286,0.246327684,0,NA,NA,NA,NA
9677,620,570,24,24,5548,4688,5288,0.799,-0.789,0.962,0.824,-0.879,0.939,0.234439834,13,15966,0,15966,0,NA,0.461546115,0.95154185,0.486111111,0,36.5,NA,NA,NA
8431,630,660,28,15,10646,8471,9664,0.799,-0.789,0.962,0.824,-0.879,0.939,0.303224705,18,9322,1678,24656,1678,0.538,0.356538697,0.85575036,0.339041358,4532.276539,36.5,NA,NA,NA
9182,570,580,25,16,9363,8358,8933,0.799,-0.789,0.962,0.824,-0.879,0.939,0.393514037,18,9636,60,12878,60,NA,0.498579089,0.640818268,0.27423905,464.7504356,40.3,NA,NA,NA
9527,NA,NA,NA,21,8995,8192,8632,0.799,-0.789,0.962,0.824,-0.879,0.939,0.335667396,10,46250,1040,46250,1040,0.7,0.320151582,0.47888707,0.215994532,333.7684902,NA,NA,NA,NA
9205,580,580,25,16,9415,7642,8465,0.799,-0.789,0.962,0.824,-0.879,0.939,0.278867349,21,10012,0,18212,0,NA,0.389034664,0.84764139,0.324182811,552.7998926,NA,NA,NA,NA
9810,550,580,25,19,6389,5634,6110,0.799,-0.789,0.962,0.824,-0.879,0.939,0.178478664,13,17749,250,17749,250,NA,0.560434808,0.776203966,0.435523114,0,NA,NA,NA,NA
9725,580,570,24,18,7006,7184,7091,0.799,-0.789,0.962,0.824,-0.879,0.939,0.311611374,14,29690,580,29690,580,0.727,0.681026511,0.808510638,0.218421053,0,33.9,NA,NA,NA
8585,620,610,27,19,7738,7146,7406,0.799,-0.789,0.962,0.824,-0.879,0.939,0.204652731,10,31424,200,31424,200,0.4,0.675954964,0.753171066,0.258989531,0,NA,NA,NA,NA
8350,NA,NA,NA,24,2984,NA,2984,0.799,-0.789,0.962,0.824,-0.879,0.939,0,9,10100,200,10100,200,NA,0.307754629,0.888888889,0.875,0,NA,NA,NA,NA
8449,590,535,24,20,6643,5698,5844,0.799,-0.789,0.962,0.824,-0.879,0.939,0.342387871,6,28230,290,28230,290,NA,0.705652121,0.87966805,0.18081761,0,NA,NA,NA,NA
8471,670,680,30,21,8559,8045,8310,0.799,-0.789,0.962,0.824,-0.879,0.939,0.302058401,12,44520,430,44520,430,0.2,0.322349641,0.552887961,0.178099434,474.6333174,NA,NA,NA,NA
8692,500,540,23,22,6135,4965,5633,1.2,-0.042,1.273,1.094,-0.062,1.14,0.380392157,15,22808,1300,22808,1300,NA,0.703161859,0.947418738,0.097880928,0,NA,NA,NA,NA
9055,590,570,25,16,9440,7971,8768,-0.688,-1.16,0.731,-0.652,-0.948,0.845,0.38209312,19,6750,1284,22725,1284,0.75,0.28932589,0.856802667,0.323142487,1245.911583,25.9,NA,NA,NA
8633,540,530,22,19,6870,5706,6254,-0.688,-1.16,0.731,-0.652,-0.948,0.845,0.303527482,14,7746,1623,21105,1623,0.636,0.28787152,0.877667568,0.323287671,279.9191961,NA,NA,NA,NA
8620,590,590,28,18,7136,6663,6898,0.404,-0.669,0.69,0.379,-0.808,0.537,0.275941583,13,32000,1350,32000,1350,NA,0.684535535,0.776053215,0.204285714,0,NA,NA,NA,NA
8365,540,540,23,18,9291,8186,8805,0.404,-0.669,0.69,0.379,-0.808,0.537,0.189864253,21,7060,2266,17650,2494,0.636,0.41147003,0.877182236,0.245460894,58.28135747,NA,NA,NA,NA
9592,NA,NA,NA,10,5947,4632,4787,0.404,-0.669,0.69,0.379,-0.808,0.537,0.256756757,30,15340,0,15340,0,NA,0.785490698,0.89347079,0.373076923,0,32.8,NA,NA,NA
8704,550,530,26,22,7891,6810,7081,0.404,-0.669,0.69,0.379,-0.808,0.537,0.367669556,10,35000,600,35000,600,NA,0.702688588,0.674953959,0.24420191,0,34.8,NA,NA,NA
9928,510,520,24,18,9271,8471,8869,0.404,-0.669,0.69,0.379,-0.808,0.537,0.344507478,22,7060,2624,17650,2852,0.545,0.470539959,0.840354397,0.26099065,36.89530686,NA,NA,NA,NA
9155,560,570,25,18,7827,7211,7520,0.404,-0.669,0.69,0.379,-0.808,0.537,0.268950142,12,29450,668,29450,668,0.545,0.719888264,0.757654878,0.193922306,171.0579651,32,NA,NA,NA
8845,590,590,27,22,6823,6348,6661,0.404,-0.669,0.69,0.379,-0.808,0.537,0.178301887,15,25450,0,25450,0,0.2,0.583481402,0.733015495,0.272357724,0,NA,NA,NA,NA
9146,500,510,22,19,6754,6366,6486,0.404,-0.669,0.69,0.379,-0.808,0.537,0.387900356,10,31510,600,31510,600,NA,0.793641538,0.684991274,0.307006369,0,NA,NA,NA,NA
9801,550,550,23,18,9980,8954,9404,0.404,-0.669,0.69,0.379,-0.808,0.537,0.434028683,12,40400,700,40400,700,NA,0.703286794,0.749215783,0.179374174,81.789309,34.2,NA,NA,NA
9138,680,740,32,16,13655,11267,12886,0.404,-0.669,0.69,0.379,-0.808,0.537,0.394567835,10,45860,370,45860,370,0.545,0.498508066,0.304056685,0.322919334,5413.299438,30.2,NA,NA,NA
8399,470,460,19,18,7574,7385,7494,0.404,-0.669,0.69,0.379,-0.808,0.537,0.983274202,17,7340,3538,12132,4266,0.3,0.364366905,0.913803496,0.151055409,404.1662443,NA,NA,NA,NA
8733,550,550,24,18,9703,9382,9554,0.404,-0.669,0.69,0.379,-0.808,0.537,0.220531122,20,8460,2458,17650,2686,0.182,0.405630748,0.730546836,0.302125735,89.73024037,NA,NA,NA,NA
9425,570,570,27,19,7070,7167,7129,0.404,-0.669,0.69,0.379,-0.808,0.537,0.062550993,12,28300,1540,28300,1540,0.1,0.703638429,0.714723926,0.314020029,0,NA,NA,NA,NA
9045,NA,NA,NA,21,9352,7895,8575,0.404,-0.669,0.69,0.379,-0.808,0.537,0.260215883,11,45590,285,45590,285,0.727,0.644309257,0.483748754,0.239901072,168.6029298,34.8,NA,NA,NA
8669,NA,NA,NA,10,3004,NA,3004,0.404,-0.669,0.69,0.379,-0.808,0.537,0.152173913,22,NA,NA,NA,NA,NA,0.571728453,1,0.689473684,0,NA,NA,NA,NA
9028,560,610,25,20,9424,7778,8814,0.404,-0.669,0.69,0.379,-0.808,0.537,0.204875867,15,13658,952,21392,952,NA,NA,0.870801667,0.331081081,NA,32,NA,NA,NA
8337,530,520,22,22,8036,6570,7052,0.404,-0.669,0.69,0.379,-0.808,0.537,0.179604262,11,12474,880,19030,880,NA,NA,0.681818182,0.542857143,NA,NA,NA,NA,NA
9812,540,560,25,22,8679,7672,8178,0.404,-0.669,0.69,0.379,-0.808,0.537,0.294061908,17,13658,952,21392,952,NA,NA,0.848736013,0.387207031,NA,36.7,NA,NA,NA
9975,NA,NA,NA,10,2455,2455,2455,0.404,-0.669,0.69,0.379,-0.808,0.537,0.138020833,10,19500,3000,19500,3000,NA,0.604515561,0.904109589,0.590909091,0,NA,NA,NA,NA
9843,540,510,26,22,6282,5702,6095,0.404,-0.669,0.69,0.379,-0.808,0.537,0.384615385,13,18644,1750,18644,1750,NA,0.552010044,0.945378151,0.4,0,NA,NA,NA,NA
8488,480,470,22,-3,4867,4727,4794,0.404,-0.669,0.69,0.379,-0.808,0.537,0.662952646,17,17985,0,17985,0,NA,NA,0.642533937,0.181924883,0,NA,NA,NA,NA
8886,NA,NA,NA,21,8461,7298,7869,0.404,-0.669,0.69,0.379,-0.808,0.537,0.202558635,11,42656,570,42656,570,0.8,0.480543719,0.43467447,0.130932346,139.8919687,NA,NA,NA,NA
9384,550,550,26,18,6690,6753,6722,0.404,-0.669,0.69,0.379,-0.808,0.537,0.080952381,12,21620,410,21620,410,0.3,0.607423358,0.856135402,0.29324547,0,NA,NA,NA,NA
8547,540,520,22,22,6639,6713,6677,0.404,-0.669,0.69,0.379,-0.808,0.537,0.343434343,10,23745,647,23745,647,NA,0.368913545,0.452338129,0.230616302,0,NA,NA,NA,NA
8823,618,570,26,24,4010,3985,4001,0.767,-0.602,0.94,0.44,-0.567,0.894,0.238202882,12,14250,650,14250,650,NA,0.279755443,0.820163488,0.674418605,315.4504097,NA,NA,NA,NA
9383,NA,NA,NA,18,5438,5076,5286,0.767,-0.602,0.94,0.44,-0.567,0.894,0.542772861,18,23020,600,23020,600,NA,0.698426318,0.622425629,0.358455882,0,NA,NA,NA,NA
9463,550,520,24,19,6759,6394,6497,0.767,-0.602,0.94,0.44,-0.567,0.894,0.459550562,13,28100,0,28100,0,NA,0.628457547,0.891262136,0.403050109,0,37.1,NA,NA,NA
9226,590,550,25,19,5038,4578,4747,0.767,-0.602,0.94,0.44,-0.567,0.894,0.751354606,12,15500,1000,15500,1000,NA,0.474245774,0.577507599,0.285526316,18.17007827,NA,NA,NA,NA
9310,410,410,17,11,6267,5761,6022,0.767,-0.602,0.94,0.44,-0.567,0.894,0.786850477,15,6486,392,16206,392,NA,0.154277556,0.631097561,0.473429952,7.794273595,NA,NA,NA,NA
9034,520,610,25,16,8047,6496,7404,0.651,-0.409,0.714,0.652,-0.404,0.793,0.184261918,17,4341,4116,6512,4826,0.455,0.283311529,0.73541963,0.414893617,731.6751292,NA,NA,NA,NA
9705,630,620,28,18,9808,8358,9063,0.863,-0.592,0.959,0.94,-0.613,0.993,0.210737387,14,28600,1400,28600,1400,NA,0.740958187,0.802929211,0.281110661,0,35.2,NA,NA,NA
8518,562,512,25,22,5874,4944,5595,0.863,-0.592,0.959,0.94,-0.613,0.993,0.168379834,14,23300,0,23300,0,NA,0.658429591,0.455307263,0.524539877,0,NA,NA,NA,NA
9053,550,550,26,22,5724,5582,5645,0.863,-0.592,0.959,0.94,-0.613,0.993,0.242155777,13,24200,1160,24200,1160,0.75,0.566158426,0.588315449,0.143891141,0,NA,NA,NA,NA
8799,378,398,17,21,5087,4744,4960,0.863,-0.592,0.959,0.94,-0.613,0.993,0.996379435,19,8980,950,8980,950,0.3,0.515038299,0.545358427,0.172159752,0,NA,NA,NA,NA
9690,NA,NA,17,22,4814,4816,4815,0.863,-0.592,0.959,0.94,-0.613,0.993,0.997483221,12,10460,220,10460,220,NA,0.534749757,1,0.347248577,0,43,NA,NA,NA
9564,610,570,27,19,5894,6029,5940,0.863,-0.592,0.959,0.94,-0.613,0.993,0.260609262,17,14400,600,14400,600,NA,0.657768437,0.854740775,0.456284153,0,NA,NA,NA,NA
9073,560,540,26,21,6813,6321,6559,0.863,-0.592,0.959,0.94,-0.613,0.993,0.215250199,13,32104,762,32104,762,0.8,0.4632945,0.667842446,0.297535211,0,NA,NA,NA,NA
8502,700,680,32,21,8731,7603,8183,0.863,-0.592,0.959,0.94,-0.613,0.993,0.258806952,10,42914,310,42914,310,0.4,0.423809576,0.468709816,0.256973022,0,43,NA,NA,NA
8328,NA,NA,NA,21,9869,8455,9282,0.863,-0.592,0.959,0.94,-0.613,0.993,0.170918367,10,36410,272,36410,272,0.1,0.441241417,0.405854957,0.256284153,144.8081633,NA,NA,NA,NA
9888,493,543,23,20,3915,3868,3891,0.863,-0.592,0.959,0.94,-0.613,0.993,0.22994173,17,22670,0,22670,0,0.364,0.612766039,0.68962219,0.204576976,0,NA,NA,NA,NA
9814,508,499,20,24,4716,4372,4544,1.111,-1.222,1.351,1.242,-0.843,1.476,0.54084507,13,15616,920,15616,920,NA,0.582397597,0.509225092,0.434782609,0,34.8,NA,NA,NA
9473,540,540,24,18,9051,7831,8469,1.111,-1.222,1.351,1.242,-0.843,1.476,0.344155844,9,4690,1721,14716,1721,0.615,0.227644997,0.708717222,0.155,136.2678571,NA,NA,NA,NA
8384,500,520,20,18,8687,7758,8255,1.111,-1.222,1.351,1.242,-0.843,1.476,0.978805834,19,3831,2804,13179,2971,NA,0.193707118,0.480099891,0.319570871,398.7487466,33,NA,NA,NA
9106,500,510,22,17,6797,6826,6816,1.111,-1.222,1.351,1.242,-0.843,1.476,0.777089016,13,25300,848,25300,848,NA,0.82090929,0.681015098,0.145283019,0,30.7,NA,NA,NA
9954,620,600,27,18,8608,7960,8262,1.111,-1.222,1.351,1.242,-0.843,1.476,0.590340242,14,38320,400,38320,400,NA,0.802623998,0.774533174,0.223903565,0,27.5,NA,NA,NA
9462,550,540,24,17,8019,6680,7410,1.111,-1.222,1.351,1.242,-0.843,1.476,0.447131148,21,5172,2446,14532,2446,0.733,0.328681518,0.727115343,0.392410714,217.3430783,NA,NA,NA,NA
8532,540,550,24,22,6365,5925,6145,1.111,-1.222,1.351,1.242,-0.843,1.476,0.410541945,14,23386,1700,23386,1700,NA,0.506027696,0.901378579,0.34,0,NA,NA,NA,NA
9366,640,630,29,21,8223,7352,7795,1.111,-1.222,1.351,1.242,-0.843,1.476,0.345419847,12,37560,0,37560,0,0.2,0.506839572,0.442184154,0.217312349,370.6424936,NA,NA,NA,NA
9185,540,610,26,16,9988,7133,8790,1.111,-1.222,1.351,1.242,-0.843,1.476,0.582830653,25,7394,1814,17290,1814,NA,0.426947853,0.66363552,0.393736018,1425.344919,31.1,NA,NA,NA
9104,690,720,32,15,12768,9461,11472,1.111,-1.222,1.351,1.242,-0.843,1.476,0.529999819,18,9806,0,34676,0,0.417,0.170789022,0.392361766,0.465520351,9456.663897,27.5,NA,NA,NA
9778,570,590,25,18,8692,7397,7971,1.111,-1.222,1.351,1.242,-0.843,1.476,0.403439415,17,5370,1942,17294,1942,NA,0.29866583,0.64465154,0.489000629,171.4514726,33.6,NA,NA,NA
8748,630,650,30,17,10942,8731,9920,1.111,-1.222,1.351,1.242,-0.843,1.476,0.278583537,13,40630,90,40630,90,0.846,0.446922191,0.43282853,0.259969902,1028.442268,32.4,NA,NA,NA
9870,680,680,31,16,10748,8691,10331,0.762,-1.005,0.841,0.836,-1.409,0.863,0.172023287,20,5150,0,5150,0,0.692,0.134412146,0.48048744,0.797728334,1213.200016,25.8,NA,NA,NA
8318,NA,NA,NA,21,6096,5936,6037,NA,NA,NA,NA,NA,NA,0.395324123,14,33898,1442,33898,1442,NA,0.551556441,0.659393939,0.242647059,587.1339001,NA,NA,NA,NA
8989,NA,NA,NA,21,8593,8054,8362,NA,NA,NA,NA,NA,NA,0.137177542,11,40425,325,40425,325,NA,0.70317318,0.759597231,0.128141397,395.1301973,NA,NA,NA,NA
8688,565,560,27,21,6611,6230,6430,0.586,-0.888,0.682,0.067,-0.889,1.037,0.250274424,14,30800,680,30800,680,0.4,0.442825114,0.492695144,0.153064106,0,NA,NA,NA,NA
8563,550,540,24,21,6638,5839,6243,0.586,-0.888,0.682,0.067,-0.889,1.037,0.253798034,11,30700,200,30700,200,0.6,0.369412219,0.763736264,0.273381295,213.8364611,NA,NA,NA,NA
8557,570,560,26,21,6144,5896,6003,0.586,-0.888,0.682,0.067,-0.889,1.037,0.222585925,10,32160,140,32160,140,NA,0.610854786,0.617149758,0.24853229,67.10556465,NA,NA,NA,NA
8880,530,510,22,21,5510,5248,5397,0.586,-0.888,0.682,0.067,-0.889,1.037,0.205974843,12,5056,4164,20658,4796,0.091,0.213219165,0.768714012,0.369538077,6.65172956,NA,NA,NA,NA
8466,620,610,27,21,8008,6602,7605,0.586,-0.888,0.682,0.067,-0.889,1.037,0.18556701,11,8136,8400,31150,8400,0.182,0.22107831,0.528386734,0.481914894,166.2869416,NA,NA,NA,NA
9535,480,460,21,20,7646,6844,7291,0.586,-0.888,0.682,0.067,-0.889,1.037,0.96893733,13,5022,3204,14556,3842,0.6,0.14883457,0.769774436,0.149443251,1358.743143,NA,NA,NA,NA
9427,430,430,18,22,5695,5630,5660,0.586,-0.888,0.682,0.067,-0.889,1.037,0.988095238,15,14430,1316,14430,1316,0.727,0.520905547,0.490391168,0.126737076,0,36.8,NA,NA,NA
9440,550,540,26,21,8069,7280,7700,0.586,-0.888,0.682,0.067,-0.889,1.037,0.439580764,13,33778,650,33778,650,NA,0.61883394,0.925405405,0.20385514,0,35.5,NA,NA,NA
9078,540,550,23,18,8605,7672,8178,-0.121,-1.272,0.964,-0.256,-1.256,0.889,0.357829886,22,7052,814,21458,814,0.545,0.423286229,0.820751065,0.406603774,74.56817753,NA,NA,NA,NA
8454,620,600,27,18,9216,7998,8648,-0.121,-1.272,0.964,-0.256,-1.256,0.889,0.264018969,18,7734,877,20086,877,NA,0.410307869,0.823819591,0.343272638,434.4460581,26.2,NA,NA,NA
8474,520,530,24,22,6005,6477,6329,0.639,-0.289,0.828,0.246,-0.202,0.756,0.420346167,14,19047,200,19047,200,0.833,0.504921709,0.524371473,0.312133072,10.51819145,35.8,NA,NA,NA
8340,530,530,24,22,6327,6210,6273,0.639,-0.289,0.828,0.246,-0.202,0.756,0.144484217,16,6744,158,14824,158,0.5,0.187830256,0.849069607,0.361201299,65.77774162,NA,NA,NA,NA
8835,560,580,27,16,10235,8246,9389,0.639,-0.289,0.828,0.246,-0.202,0.756,0.208939133,20,7632,0,21432,0,0.615,0.343455965,0.858073341,0.362987703,4791.081721,NA,NA,NA,NA
9998,NA,NA,NA,22,4611,4155,4444,0.69,-1.265,0.821,0.692,-1.173,0.83,0.154834348,13,12780,1160,12780,1160,0.111,0.67558742,0.686390533,0.806034483,0,NA,NA,NA,NA
9868,550,590,25,18,7499,6979,7244,0.69,-1.265,0.821,0.692,-1.173,0.83,0.168430708,22,6519,1118,14592,1118,0.857,0.437398359,0.804998356,0.447099673,35.31124753,NA,NA,NA,NA
9875,600,585,27,21,6476,5567,6104,0.69,-1.265,0.821,0.692,-1.173,0.83,0.184472462,12,26790,250,26790,250,0.5,0.349253536,0.918309859,0.409509202,23.70471135,37.5,NA,NA,NA
8484,NA,NA,26,18,6686,5988,6421,0.69,-1.265,0.821,0.692,-1.173,0.83,0.118132421,22,6418,1070,14268,1070,0.8,0.363451628,0.943075616,0.486786787,143.6277923,NA,NA,NA,NA
9409,NA,NA,NA,19,2617,2633,2629,NA,NA,NA,NA,NA,NA,1,20,5270,950,5270,950,NA,0.833298496,0.679144385,0.433070866,0,NA,NA,NA,NA
9547,NA,NA,NA,1,2518,2533,2526,NA,NA,NA,NA,NA,NA,1,13,1080,50,1080,50,NA,NA,0.956112853,0.891803279,0,NA,NA,NA,NA
9508,NA,NA,NA,22,4117,4035,4071,NA,NA,NA,NA,NA,NA,1,27,4472,542,4472,542,NA,NA,0.430410298,0.971962617,0,NA,NA,NA,NA
9453,NA,NA,NA,22,4468,4409,4432,NA,NA,NA,NA,NA,NA,0.997370863,28,4272,690,4272,690,NA,NA,0.529411765,0.95781893,0,NA,NA,NA,NA
9434,NA,NA,NA,24,4061,NA,4061,0.573,-1.101,0.767,0.659,-1.496,0.758,0,11,6100,100,6100,100,NA,0.314427359,0.823529412,1,0,NA,NA,NA,NA
8414,NA,NA,NA,10,5681,5027,5354,-1.115,-1.669,1.423,-1.449,-1.582,1.427,0.62804878,14,28965,965,28965,965,NA,NA,0.564935065,0.712643678,NA,26.1,NA,NA,NA
9866,550,550,22,19,10078,8341,9142,-0.121,-1.272,0.964,-0.256,-1.256,0.889,0.531013343,16,10768,1137,33072,1137,NA,NA,0.825618263,0.354070661,NA,32.8,NA,NA,NA
8477,600,600,27,-3,10055,7087,8398,NA,NA,NA,NA,NA,NA,0.460191455,12,9010,674,23545,674,NA,NA,0.755342668,0.314146341,NA,29.6,NA,NA,NA
9763,NA,NA,NA,10,6815,6393,6412,-1.115,-1.669,1.423,-1.449,-1.582,1.427,0.774454325,24,NA,NA,NA,NA,NA,NA,1,0.409836066,0,24.2,NA,NA,NA
8573,NA,NA,NA,20,9276,8383,8809,-1.115,-1.669,1.423,-1.449,-1.582,1.427,0.65496063,22,5472,1075,16632,1075,NA,0.209663875,0.676368604,0.140593444,205.6302362,NA,NA,NA,NA
8309,800,800,35,27,10974,10476,10765,NA,NA,NA,NA,NA,NA,0.524752475,8,45000,525,45000,525,NA,0.15267188,0.109767442,0.644067797,6626.237624,NA,NA,NA,NA
9799,NA,NA,NA,23,3104,3170,3161,NA,NA,NA,NA,NA,NA,1,22,6120,375,6120,375,NA,NA,0.78659612,0.639013453,NA,NA,NA,NA,NA
9995,590,590,26,-3,10025,7770,8606,NA,NA,NA,NA,NA,NA,0.448939513,21,9484,674,24784,674,NA,NA,0.784840111,0.310362173,NA,29.7,NA,NA,NA
9599,660,590,29,21,8691,10090,8950,-1.077,-1.469,-0.024,-0.279,-1.705,0.076,0.327808471,15,32870,400,32870,400,NA,0.256876105,0.39580862,0.14985015,0,29,NA,NA,NA
9607,NA,NA,NA,26,7769,7260,7318,-0.235,-1.012,0.473,-0.436,-0.703,0.507,0.5077861,22,17560,600,17560,600,NA,NA,0.68,0.941176471,0,NA,NA,NA,NA
8718,NA,NA,NA,26,6101,6007,6011,0.799,-0.789,0.962,0.824,-0.879,0.939,0.302238806,10,17560,600,17560,600,NA,NA,0.783783784,0.827586207,0,33.9,NA,NA,NA
8969,NA,NA,NA,21,5854,4686,5659,-1.115,-1.669,1.423,-1.449,-1.582,1.427,0.359223301,14,26373,800,26373,800,NA,0.452103171,0.503448276,0.376712329,0,25.9,NA,NA,NA
9511,NA,NA,NA,-3,6226,4827,5526,0.595,-0.81,0.808,0.499,-0.638,0.638,0.69245283,32,NA,NA,NA,NA,NA,NA,1,0.573529412,0,27.1,NA,NA,NA
8867,NA,NA,NA,-3,6903,7814,7528,-1.115,-1.669,1.423,-1.449,-1.582,1.427,0.729542302,18,33830,575,33830,575,NA,NA,0.829787234,0.461538462,NA,27.2,NA,NA,NA
9717,NA,NA,NA,-3,6895,7301,7238,-1.115,-1.669,1.423,-1.449,-1.582,1.427,0.650242887,18,33100,575,33100,575,NA,NA,0.884615385,0.434782609,NA,30.9,NA,NA,NA
9923,NA,NA,NA,-3,4583,6553,6430,0.69,-1.265,0.821,0.692,-1.173,0.83,0.374643875,16,12320,770,12320,770,NA,0.973141292,1,0.476923077,0,29.7,NA,NA,NA
9154,NA,NA,NA,-3,6079,6178,6167,1.228,-0.989,1.4,NA,NA,NA,0.232686981,12,17560,600,17560,600,NA,NA,1,0.8,0,35.9,NA,NA,NA
9752,NA,NA,NA,-3,2341,2341,2341,1.111,-1.222,1.351,1.242,-0.843,1.476,0.993865031,4,1542,914,1542,914,NA,0.146000266,0.777777778,1,0,31.9,NA,NA,NA
9033,NA,NA,NA,-3,6319,5135,6187,1.111,-1.222,1.351,1.242,-0.843,1.476,0.455470738,9,7560,670,7560,670,NA,0.415762202,1,0.6875,0,34.8,NA,NA,NA
8915,NA,NA,NA,-3,6833,6141,6164,0.812,-0.778,0.941,0.884,-0.862,0.949,0.749177632,10,17560,600,17560,600,NA,NA,0.55,0.727272727,0,37.6,NA,NA,NA
9808,NA,NA,NA,-3,3842,NA,3842,-0.932,-1.176,0.853,-0.83,-1.128,0.888,0.05,10,12200,250,12200,250,NA,0.709004146,0.956521739,1,0,39.3,NA,NA,NA
9514,NA,NA,NA,-3,1166,NA,1166,-1.077,-1.469,-0.024,-0.279,-1.705,0.076,0.004796163,16,8740,0,8740,0,NA,0.643457415,1,1,0,NA,NA,NA,NA
9065,NA,NA,NA,-3,3117,NA,3117,-0.898,-0.998,0.022,-0.859,-0.944,0.035,0.012658228,9,11000,0,11000,0,NA,0.383265728,1,1,0,NA,NA,NA,NA
9509,NA,NA,NA,-3,7401,7306,7360,NA,NA,NA,NA,NA,NA,0.449357326,15,17052,80,17052,80,NA,NA,0.844827586,0.87755102,0,29.7,NA,NA,NA
9472,NA,NA,NA,-3,6935,6590,6872,-1.115,-1.669,1.423,-1.449,-1.582,1.427,0.7429162,18,17052,80,17052,80,NA,NA,0.876847291,0.741573034,0,29.6,NA,NA,NA
8777,NA,NA,NA,-3,7280,7033,7205,0.812,-0.778,0.941,0.884,-0.862,0.949,0.789222798,26,17052,80,17052,80,NA,NA,0.84375,0.918518519,0,NA,NA,NA,NA
9515,NA,NA,NA,-3,7046,4547,6546,1.228,-0.989,1.4,NA,NA,NA,0.425869894,12,17052,80,17052,80,NA,NA,0.863636364,0.736842105,0,34.1,NA,NA,NA
9980,NA,NA,NA,-3,5834,5268,5551,0.595,-0.81,0.808,0.499,-0.638,0.638,0.61722488,15,13300,80,13300,80,NA,NA,0.8,1,0,24,NA,NA,NA
8713,NA,NA,NA,-3,8172,7692,7999,-0.898,-0.998,0.022,-0.859,-0.944,0.035,0.655730337,14,17052,80,17052,80,NA,NA,0.870588235,0.75,0,NA,NA,NA,NA